frq,I,Q,Mdiv,Ref,dac,Kdiv,I_offset,Q_offset,Z_real,Z_imag,Z_mag,Z_angle
4104.0,6976.0,11525.0,1082130432,32768,128,32,7850.231292517006,11482.319727891156,245.05820792599113,18.565402241301413,245.76045131851387,4.332403830576672
4104.0,8220.0,5715.0,1082130432,32768,128,32,9094.231292517006,5672.319727891157,178.96369536463018,-62.49125948060352,189.56044357944586,-19.248384666242597
4104.0,7969.0,8378.0,1082130432,32768,128,32,8843.231292517006,8335.319727891156,212.80116618283517,-29.724253254276277,214.86709278132608,-7.951676623264694
4104.0,7986.0,6038.0,1082130432,32768,128,32,8860.231292517006,5995.319727891157,180.80826973598238,-55.720333883959654,189.19932878596504,-17.127916187930502
4104.0,5656.0,5301.0,1082130432,32768,128,32,6530.231292517006,5258.319727891157,144.80756537439137,-31.823650859299214,148.2631975362504,-12.394581118179035
4104.0,7318.0,6100.0,1082130432,32768,128,32,8192.231292517006,6057.319727891157,174.24560805020582,-45.86039823030757,180.17965492981816,-14.74549741368675
4104.0,7191.0,6361.0,1082130432,32768,128,32,8065.231292517006,6318.319727891157,176.42529327042962,-41.242092300978754,181.18166100055367,-13.157486065749664
4104.0,7226.0,7988.0,1082130432,32768,128,32,8100.231292517006,7945.319727891157,199.18966740035336,-23.810278861642303,200.60770917024243,-6.816547899820699
4104.0,6714.0,6168.0,1082130432,32768,128,32,7588.231292517006,6125.319727891157,168.47591474579986,-36.813670813583556,172.45109512034105,-12.325963163766756
4104.0,6244.0,4392.0,1082130432,32768,128,32,7118.231292517006,4349.319727891157,138.83352013638182,-49.90965751637558,147.53209897124435,-19.77314832771576
4104.0,5169.0,3556.0,1082130432,32768,128,32,6043.231292517006,3513.3197278911566,115.40279467306345,-44.3447841161366,123.62954702117129,-21.019816807242016
4104.0,5592.0,4122.0,1082130432,32768,128,32,6466.231292517006,4079.3197278911566,127.88253346423406,-43.92473430124244,135.2158446657258,-18.956428018513275
4104.0,3051.0,5607.0,1082130432,32768,128,32,3925.2312925170068,5564.319727891157,120.09833631485009,7.334168493755577,120.3220695179801,3.49460040304076
4104.0,5061.0,8840.0,1082130432,32768,128,32,5935.231292517006,8797.319727891156,186.87383429705255,15.313842749923666,187.5002499322378,4.684777657899221
4104.0,7302.0,5337.0,1082130432,32768,128,32,8176.231292517006,5294.319727891157,163.5745898447429,-54.04092661733344,172.27033462710833,-18.282254661760103
4104.0,6187.0,5054.0,1082130432,32768,128,32,7061.231292517006,5011.319727891157,147.30514436868773,-41.838188612738556,153.131445444347,-15.855816115455195
4104.0,6382.0,7674.0,1082130432,32768,128,32,7256.231292517006,7631.319727891157,185.50220213844312,-15.671981220167154,186.16304142760742,-4.829113133735689
4104.0,6895.0,7903.0,1082130432,32768,128,32,7769.231292517006,7860.319727891157,194.3463112877615,-20.198643281991096,195.39312654643874,-5.933515699668489
4104.0,5210.0,7712.0,1082130432,32768,128,32,6084.231292517006,7669.319727891157,173.01466762673454,0.8479431113425733,173.01674549450263,0.28080377942296514
4104.0,5680.0,4510.0,1082130432,32768,128,32,6554.231292517006,4467.319727891157,134.19550021884595,-40.86199003021429,140.2787742611676,-16.935281590920717
4104.0,6932.0,5594.0,1082130432,32768,128,32,7806.231292517006,5551.319727891157,163.00176848334007,-46.12819611900764,169.40303127715876,-15.801088574647496
4104.0,6279.0,8115.0,1082130432,32768,128,32,7153.231292517006,8072.319727891157,190.4238151156978,-9.401667300471189,190.6557649567571,-2.8265309069119495
4104.0,6759.0,8123.0,1082130432,32768,128,32,7633.231292517006,8080.319727891157,195.86222345716595,-15.908085251445428,196.5071951709455,-4.643416000700173
4104.0,5262.0,7804.0,1082130432,32768,128,32,6136.231292517006,7761.319727891157,174.85716930014928,1.1464251123778837,174.8609274429235,0.3756459033202699
4104.0,4251.0,4020.0,1082130432,32768,128,32,5125.231292517006,3977.3197278911566,111.59356766233086,-26.62434588747041,114.72567340200222,-13.418950872465757
4104.0,5705.0,4413.0,1082130432,32768,128,32,6579.231292517006,4370.319727891157,133.1389963008428,-42.27338706295855,139.6890532209684,-17.615329679636282
4104.0,7518.0,6981.0,1082130432,32768,128,32,8392.231292517006,6938.319727891157,188.58200745400615,-38.90862367223649,192.55403016153818,-11.657799461122398
4104.0,3562.0,5700.0,1082130432,32768,128,32,4436.231292517006,5657.319727891157,127.04985967965612,1.337674314112526,127.05690149374392,0.6032297939733008
4104.0,6730.0,6997.0,1082130432,32768,128,32,7604.231292517006,6954.319727891157,180.05461939022268,-27.906507089127572,182.20438826129705,-8.810124256395165
4104.0,4166.0,4076.0,1082130432,32768,128,32,5040.231292517006,4033.3197278911566,111.42015754434152,-24.84003166384229,114.15550219006779,-12.568002710716424
4104.0,7143.0,5224.0,1082130432,32768,128,32,8017.231292517006,5181.319727891157,160.25549286134031,-53.100587936003684,168.82385918874252,-18.332592646917814
4104.0,7260.0,5773.0,1082130432,32768,128,32,8134.231292517006,5730.319727891157,169.1045877193156,-48.66371123062737,175.96737873383688,-16.054382536676197
4104.0,7475.0,6553.0,1082130432,32768,128,32,8349.231292517006,6510.319727891157,182.2184638694733,-43.02998689889995,187.23020148328115,-13.286707938628957
4104.0,7963.0,7178.0,1082130432,32768,128,32,8837.231292517006,7135.319727891157,196.23117156177975,-42.853373656894775,200.85587949145545,-12.318968756627193
4104.0,3617.0,6649.0,1082130432,32768,128,32,4491.231292517006,6606.319727891157,140.711834645609,11.030190481904583,141.14349262860227,4.482164940105032
4104.0,5680.0,9023.0,1082130432,32768,128,32,6554.231292517006,8980.319727891156,196.2619986889353,8.824453573149825,196.4602837986353,2.5744344111683697
4104.0,8245.0,6068.0,1082130432,32768,128,32,9119.231292517006,6025.319727891157,184.09596262135338,-58.94832466723349,193.30346203458518,-17.755290860926813
4104.0,6162.0,5847.0,1082130432,32768,128,32,7036.231292517006,5804.319727891157,157.93361437026775,-32.76409165800416,161.29634915344656,-11.720039916369416
4104.0,6155.0,4612.0,1082130432,32768,128,32,7029.231292517006,4569.319727891157,140.87117007643604,-46.26481045081715,148.2737982408025,-18.181178109471325
4104.0,7430.0,5474.0,1082130432,32768,128,32,8304.231292517006,5431.319727891157,166.8796297115746,-54.29113980060224,175.48885626592016,-18.021320179644604
4104.0,5455.0,3788.0,1082130432,32768,128,32,6329.231292517006,3745.3197278911566,121.76827987267781,-45.71977072340977,130.06848741394646,-20.57941743685797
4104.0,7640.0,6875.0,1082130432,32768,128,32,8514.231292517006,6832.319727891157,188.47850606470055,-41.751744865387366,193.04754711647016,-12.490457026696564
4104.0,5625.0,8178.0,1082130432,32768,128,32,6499.231292517006,8135.319727891157,184.03031750558586,0.27693854312641975,184.03052588134233,0.08622165055764056
4104.0,6275.0,4900.0,1082130432,32768,128,32,7149.231292517006,4857.319727891157,146.16408006396253,-44.74266180969696,152.85890254336306,-17.020007947777476
4104.0,6804.0,6621.0,1082130432,32768,128,32,7678.231292517006,6578.319727891157,175.7050167218006,-33.06277789378984,178.788702616419,-10.656850114513652
4104.0,4971.0,4020.0,1082130432,32768,128,32,5845.231292517006,3977.3197278911566,119.58614627654038,-36.51608832982815,125.03707885337822,-16.98025187284047
4104.0,6837.0,4942.0,1082130432,32768,128,32,7711.231292517006,4899.319727891157,152.98035034747275,-52.001312021566626,161.57699107360503,-18.774002091857035
4104.0,3865.0,7193.0,1082130432,32768,128,32,4739.231292517006,7150.319727891157,150.94637065506151,13.612271472395108,151.5589019113473,5.152967570738976
4104.0,7280.0,5621.0,1082130432,32768,128,32,8154.231292517006,5578.319727891157,167.23617441735826,-50.61194505538035,174.72694988479,-16.83778571022707
4104.0,5348.0,4782.0,1082130432,32768,128,32,6222.231292517006,4739.319727891157,134.25080176790618,-33.30617932147578,138.32056736552212,-13.933158636762341
4104.0,6021.0,4338.0,1082130432,32768,128,32,6895.231292517006,4295.319727891157,135.61538838573588,-47.440484887012396,143.67370383382215,-19.280673409540007
4104.0,6639.0,5582.0,1082130432,32768,128,32,7513.231292517006,5539.319727891157,159.5841991215093,-42.23492200211123,165.0784820798215,-14.823811117060053
4104.0,4653.0,7458.0,1082130432,32768,128,32,5527.231292517006,7415.319727891157,163.3383024968408,5.703859886526459,163.43786305551905,1.999986222686541
4104.0,5638.0,6716.0,1082130432,32768,128,32,6512.231292517006,6673.319727891157,164.06799804734246,-15.99773604879195,164.84609653234008,-5.569119760380205
4104.0,3766.0,7330.0,1082130432,32768,128,32,4640.231292517006,7287.319727891157,151.73152809769107,16.48070486470298,152.62395045240396,6.19902445530179
4104.0,5131.0,4187.0,1082130432,32768,128,32,6005.231292517006,4144.319727891157,123.65899660454093,-36.875645720794104,129.04015145902218,-16.60480730178027
4104.0,7316.0,4916.0,1082130432,32768,128,32,8190.231292517006,4873.319727891157,157.94006184099737,-58.86831873641066,168.55427044483244,-20.4417170026033
4104.0,6425.0,6942.0,1082130432,32768,128,32,7299.231292517006,6899.319727891157,175.9124689170146,-24.32178453015389,177.58588323177847,-7.871849373090893
4104.0,7479.0,4944.0,1082130432,32768,128,32,8353.231292517006,4901.319727891157,160.13457192814167,-60.79942978001953,171.2882126364354,-20.790622866830436
4104.0,6234.0,4710.0,1082130432,32768,128,32,7108.231292517006,4667.319727891157,143.09591039688002,-46.271211033422055,150.3910387716349,-17.919030052904663
4104.0,2971.0,7419.0,1082130432,32768,128,32,3845.2312925170068,7376.319727891157,144.13039062128064,28.382693887704463,146.89842345296316,11.140354395216844
4104.0,6002.0,5823.0,1082130432,32768,128,32,6876.231292517006,5780.319727891157,155.8274179933469,-30.8301577026063,158.84798652309328,-11.19133057240186
4104.0,7588.0,7507.0,1082130432,32768,128,32,8462.231292517006,7464.319727891157,196.59304957017892,-34.079257407341004,199.5249932332755,-9.834449237281168
4104.0,5226.0,4243.0,1082130432,32768,128,32,6100.231292517006,4200.319727891157,125.48373114010397,-37.56426710775541,130.98565167293972,-16.665369358366842
4104.0,6600.0,5254.0,1082130432,32768,128,32,7474.231292517006,5211.319727891157,154.64034123477242,-45.31027672098461,161.14172741329,-16.330808592834586
4104.0,4815.0,4017.0,1082130432,32768,128,32,5689.231292517006,3974.3197278911566,117.81316243563015,-34.4059063462914,122.73429689615674,-16.279804291246776
4104.0,6138.0,6645.0,1082130432,32768,128,32,7012.231292517006,6602.319727891157,168.64194929964222,-23.648685102816188,170.29200618547912,-7.982542871811436
4104.0,6056.0,4386.0,1082130432,32768,128,32,6930.231292517006,4343.319727891157,136.66405210478632,-47.3928714143748,144.64835774594613,-19.1257143896384
4104.0,6533.0,5604.0,1082130432,32768,128,32,7407.231292517006,5561.319727891157,158.71007608295955,-40.53642591895409,163.8050367862407,-14.327703410650182
4104.0,4486.0,8776.0,1082130432,32768,128,32,5360.231292517006,8733.319727891156,179.61069142002137,22.508882087859206,181.01560773928665,7.143090275061725
4104.0,5730.0,3826.0,1082130432,32768,128,32,6604.231292517006,3783.3197278911566,125.34360821480416,-49.07950099480509,134.60987162242373,-21.383307182674397
4104.0,5695.0,4218.0,1082130432,32768,128,32,6569.231292517006,4175.319727891157,130.34618742215287,-44.28287888457535,137.66300133949198,-18.76431050040296
4104.0,5455.0,4070.0,1082130432,32768,128,32,6329.231292517006,4027.3197278911566,125.64657647550635,-42.61505609984481,132.67669420967718,-18.735192995262867
4104.0,8071.0,7083.0,1082130432,32768,128,32,8945.231292517006,7040.319727891157,196.1235399948023,-45.38304952409479,201.30589689375535,-13.028942431341598
4104.0,6143.0,5126.0,1082130432,32768,128,32,7017.231292517006,5083.319727891157,147.80691239688673,-40.44100014588285,153.23954399925708,-15.302021256505833
4104.0,4735.0,4171.0,1082130432,32768,128,32,5609.231292517006,4128.319727891157,119.04303316940211,-31.611341398692538,123.16866748973159,-14.871426943843959
4104.0,4677.0,7161.0,1082130432,32768,128,32,5551.231292517006,7118.319727891157,159.52013280866169,2.104276120012429,159.53401126180685,0.7557613322676998
4104.0,6052.0,6061.0,1082130432,32768,128,32,6926.231292517006,6018.319727891157,159.65563048507784,-28.896793195825154,162.2496379120459,-10.259157313680472
4104.0,7295.0,5018.0,1082130432,32768,128,32,8169.231292517006,4975.319727891157,159.10973309768758,-57.45682769672266,169.16617337809666,-19.855384859809906
4104.0,6509.0,6058.0,1082130432,32768,128,32,7383.231292517006,6015.319727891157,164.68743926987653,-35.208330819462404,168.4089641686629,-12.067533433600417
4104.0,7487.0,5358.0,1082130432,32768,128,32,8361.231292517006,5315.319727891157,165.91704783793674,-56.3513527309539,175.2254026043729,-18.75932118107114
4104.0,7630.0,7953.0,1082130432,32768,128,32,8504.231292517006,7910.319727891157,203.19304319806997,-29.745982375663033,205.3587988657559,-8.328525547039341
4104.0,6716.0,5559.0,1082130432,32768,128,32,7590.231292517006,5516.319727891157,160.12264602993184,-43.54601030766478,165.93829210083516,-15.213878044995404
4104.0,5973.0,4557.0,1082130432,32768,128,32,6847.231292517006,4514.319727891157,138.09441844982211,-44.369927225746245,145.0474365475398,-17.81228355686982
4104.0,6629.0,8062.0,1082130432,32768,128,32,7503.231292517006,8019.319727891157,193.58019667035967,-14.793663405159663,194.1446497328224,-4.3701275376894
4104.0,7343.0,8320.0,1082130432,32768,128,32,8217.231292517006,8277.319727891156,205.0543992696272,-21.762491068725552,206.20599573568185,-6.058142316394427
4104.0,6759.0,7892.0,1082130432,32768,128,32,7633.231292517006,7849.319727891157,192.68532092080642,-18.45130893245077,193.56674223552687,-5.46989476827269
4104.0,5963.0,8064.0,1082130432,32768,128,32,6837.231292517006,8021.319727891157,186.2145671018813,-5.621782393329383,186.29940804580943,-1.7292234705770417
4104.0,5542.0,7862.0,1082130432,32768,128,32,6416.231292517006,7819.319727891157,178.7630581570844,-2.061805288373165,178.77494791698388,-0.6608048919984818
4104.0,7541.0,7086.0,1082130432,32768,128,32,8415.231292517006,7043.319727891157,190.28137254495178,-38.06859912505182,194.0521037683813,-11.313500771116777
4104.0,5199.0,4199.0,1082130432,32768,128,32,6073.231292517006,4156.319727891157,124.57888514943122,-37.67775032445374,130.15187856726098,-16.827463707099643
4104.0,7050.0,7451.0,1082130432,32768,128,32,7924.231292517006,7408.319727891157,189.85065902615088,-27.304466712095717,191.8040839896162,-8.184202201682355
4104.0,5596.0,8862.0,1082130432,32768,128,32,6470.231292517006,8819.319727891156,193.11532638587542,8.20594035314845,193.289592948515,2.433173409648558
4104.0,7478.0,5475.0,1082130432,32768,128,32,8352.231292517006,5432.319727891157,167.42622111068798,-54.93957967043472,176.2098094027941,-18.166837304915365
4104.0,5243.0,5874.0,1082130432,32768,128,32,6117.231292517006,5831.319727891157,148.10330210400338,-19.84112160206125,149.4264307294311,-7.630375943405253
4104.0,6786.0,5637.0,1082130432,32768,128,32,7660.231292517006,5594.319727891157,161.97242262104368,-43.64895663623418,167.75069926877154,-15.082009244390097
4104.0,6136.0,4586.0,1082130432,32768,128,32,7010.231292517006,4543.319727891157,140.3026813617991,-46.29002864303042,147.74169739475414,-18.2592601384475
4104.0,7211.0,7495.0,1082130432,32768,128,32,8085.231292517006,7452.319727891157,192.24301270335707,-29.03194667216951,194.422812089628,-8.58773990511798
4104.0,6049.0,4888.0,1082130432,32768,128,32,6923.231292517006,4845.319727891157,143.49026454539853,-41.769869281186594,149.4462378217527,-16.230223992996546
4104.0,6200.0,5499.0,1082130432,32768,128,32,7074.231292517006,5456.319727891157,153.5694618664515,-37.117505803456986,157.9914201943294,-13.587713488794511
4104.0,7508.0,6784.0,1082130432,32768,128,32,8382.231292517006,6741.319727891157,185.7616929256508,-40.94013474650268,190.21961305729118,-12.428764448488971
4104.0,6324.0,4308.0,1082130432,32768,128,32,7198.231292517006,4265.319727891157,138.56634714090063,-51.93354862124555,147.97880264540547,-20.545592729287584
4104.0,7460.0,5694.0,1082130432,32768,128,32,8334.231292517006,5651.319727891157,170.23827528369958,-52.28117794426682,178.08535015213567,-17.072030812148917
4104.0,7089.0,5757.0,1082130432,32768,128,32,7963.231292517006,5714.319727891157,166.98630510111718,-46.49057642176258,173.3372429322422,-15.55770863409754
4104.0,4313.0,6357.0,1082130432,32768,128,32,5187.231292517006,6314.319727891157,144.42216912152242,-1.746638099186498,144.4327306340746,-0.6928999427610909
4104.0,2954.0,7514.0,1082130432,32768,128,32,3828.2312925170068,7471.319727891157,145.24819531866513,29.66216341843981,148.24601911009728,11.542071133614593
4104.0,6499.0,4132.0,1082130432,32768,128,32,7373.231292517006,4089.3197278911566,138.0884906057391,-56.2754858091322,149.11526260187165,-22.172470490868484
4104.0,4484.0,5207.0,1082130432,32768,128,32,5358.231292517006,5164.319727891157,130.50465798476304,-16.75699720264968,131.57607195447653,-7.3168300437662515
4104.0,7189.0,5310.0,1082130432,32768,128,32,8063.231292517006,5267.319727891157,161.9488727639736,-52.785732505896924,170.3342917492124,-18.052898278213707
4104.0,6745.0,5181.0,1082130432,32768,128,32,7619.231292517006,5138.319727891157,155.24600154845623,-48.1060664623291,162.52850404547905,-17.21663647568247
4104.0,5781.0,4806.0,1082130432,32768,128,32,6655.231292517006,4763.319727891157,139.38751753604816,-38.9907322862676,144.7382369972825,-15.627847648149759
4104.0,6254.0,4175.0,1082130432,32768,128,32,7128.231292517006,4132.319727891157,135.96016518398892,-52.43613174053456,145.7213588626192,-21.090268207607753
4104.0,7003.0,5401.0,1082130432,32768,128,32,7877.231292517006,5358.319727891157,161.13563034841417,-49.2284897127403,168.48779055818304,-16.98841755998338
4104.0,6007.0,6315.0,1082130432,32768,128,32,6881.231292517006,6272.319727891157,162.64931182920196,-25.48211420670438,164.63334043551598,-8.904095598224691
4104.0,6828.0,5937.0,1082130432,32768,128,32,7702.231292517006,5894.319727891157,166.5645038233568,-40.923087047962184,171.51802525523703,-13.8035428337742
4104.0,6366.0,5268.0,1082130432,32768,128,32,7240.231292517006,5225.319727891157,152.23529273281247,-41.94132565867257,157.90712191491534,-15.403057342126298
4104.0,5017.0,6878.0,1082130432,32768,128,32,5891.231292517006,6835.319727891157,159.40235661548826,-5.682548727657277,159.50361329641876,-2.041677717065863
4104.0,4774.0,7470.0,1082130432,32768,128,32,5648.231292517006,7427.319727891157,164.84653363416595,4.173613130859948,164.8993593006543,1.4503146478211904
4104.0,6561.0,5100.0,1082130432,32768,128,32,7435.231292517006,5057.319727891157,152.0894748689297,-46.469956459360475,159.03039086678262,-16.990193605737993
4104.0,5366.0,4188.0,1082130432,32768,128,32,6240.231292517006,4145.319727891157,126.28143828262262,-40.093190919405615,132.4932662923959,-17.61416282219173
4104.0,6412.0,7353.0,1082130432,32768,128,32,7286.231292517006,7310.319727891157,181.4205694760637,-19.618227205493596,182.47821203558965,-6.171796079935135
4104.0,6714.0,7492.0,1082130432,32768,128,32,7588.231292517006,7449.319727891157,186.68465482432816,-22.236925559682803,188.0043648568443,-6.7927760640748
4104.0,7301.0,6526.0,1082130432,32768,128,32,8175.231292517006,6483.319727891157,179.91559776722244,-40.93674238609704,184.51406232892563,-12.818447376158618
4104.0,7529.0,8092.0,1082130432,32768,128,32,8403.231292517006,8049.319727891157,203.9835046831033,-26.82805266836587,205.74016280925375,-7.492576901432881
4104.0,6921.0,5626.0,1082130432,32768,128,32,7795.231292517006,5583.319727891157,163.31975003804797,-45.62476423374795,169.57287478802604,-15.608158908347377
4104.0,5745.0,8184.0,1082130432,32768,128,32,6619.231292517006,8141.319727891157,185.44493089028379,-1.3056274393183571,185.44952697678264,-0.40338501320239273
4104.0,7290.0,6107.0,1082130432,32768,128,32,8164.231292517006,6064.319727891157,174.03105532237123,-45.39865197327633,179.85506892386687,-14.62064164093341
4104.0,6861.0,8075.0,1082130432,32768,128,32,7735.231292517006,8032.319727891157,196.33436983554145,-17.83787749436496,197.14303095017874,-5.191331474597589
4104.0,4707.0,7703.0,1082130432,32768,128,32,5581.231292517006,7660.319727891157,167.3071879769242,7.659337652900746,167.48241878485933,2.621175636335782
4104.0,6731.0,5573.0,1082130432,32768,128,32,7605.231292517006,5530.319727891157,160.48169763205266,-43.59795350666811,166.29839694006424,-15.198683793396437
4104.0,7107.0,5227.0,1082130432,32768,128,32,7981.231292517006,5184.319727891157,159.89712240512802,-52.572971934911706,168.31817231514103,-18.20047632638122
4104.0,6802.0,5321.0,1082130432,32768,128,32,7676.231292517006,5278.319727891157,157.80414283199602,-47.347815053557966,164.75425058336714,-16.70143342567004
4104.0,6912.0,5047.0,1082130432,32768,128,32,7786.231292517006,5004.319727891157,155.25695722722241,-51.875691095218876,163.69425797523303,-18.475915161712845
4104.0,6914.0,6092.0,1082130432,32768,128,32,7788.231292517006,6049.319727891157,169.65086078468204,-40.39810864824888,174.39444299443514,-13.394110668748386
4104.0,5190.0,8253.0,1082130432,32768,128,32,6064.231292517006,8210.319727891156,180.232929788622,7.078921576403232,180.37189390499623,2.249222500653984
4104.0,6748.0,6337.0,1082130432,32768,128,32,7622.231292517006,6294.319727891157,171.17756946597922,-35.4201540244875,174.8037402328639,-11.690686828884248
4104.0,7427.0,5701.0,1082130432,32768,128,32,8301.231292517006,5658.319727891157,169.9682185377107,-51.750739031385855,177.67198513884395,-16.93407850701039
4104.0,5513.0,6882.0,1082130432,32768,128,32,6387.231292517006,6839.319727891157,164.96336651571903,-12.452821682649343,165.4327206451593,-4.316979421391113
4104.0,6373.0,5696.0,1082130432,32768,128,32,7247.231292517006,5653.319727891157,158.19920738663484,-37.32537530989123,162.54283392319618,-13.275529899515256
4104.0,7920.0,7339.0,1082130432,32768,128,32,8794.231292517006,7296.319727891157,197.96804180372214,-40.49006697831085,202.06630372110135,-11.559187360872686
4104.0,6391.0,3885.0,1082130432,32768,128,32,7265.231292517006,3842.3197278911566,133.49265607992453,-57.51110214497907,145.35410588353955,-23.30727023468329
4104.0,6112.0,9593.0,1082130432,32768,128,32,6986.231292517006,9550.319727891156,208.89665601211442,9.164895112813312,209.09760447090858,2.512119115750517
4104.0,3025.0,6824.0,1082130432,32768,128,32,3899.2312925170068,6781.319727891157,136.5469032418748,21.09008554133206,138.16601786650224,8.780127704054456
4104.0,7515.0,5201.0,1082130432,32768,128,32,8389.231292517006,5158.319727891157,164.06867684086257,-58.46454293668992,174.174147051471,-19.613113274369134
4104.0,6464.0,7771.0,1082130432,32768,128,32,7338.231292517006,7728.319727891157,187.7464920449469,-15.730607022606605,188.40434515287325,-4.789421819678906
4104.0,7395.0,5848.0,1082130432,32768,128,32,8269.231292517006,5805.319727891157,171.63465807193427,-49.69269096421706,178.68357335450557,-16.14710290696621
4104.0,6473.0,6106.0,1082130432,32768,128,32,7347.231292517006,6063.319727891157,164.94794593113687,-34.18528163375899,168.45313397880335,-11.708727616955217
4104.0,7727.0,7298.0,1082130432,32768,128,32,8601.231292517006,7255.319727891157,195.26172088482699,-38.28992514182481,198.9805468136788,-11.094659210237026
4104.0,5086.0,3991.0,1082130432,32768,128,32,5960.231292517006,3948.3197278911566,120.4639067739387,-38.41529857778765,126.44084783036205,-17.687205480620214
4104.0,6169.0,3927.0,1082130432,32768,128,32,7043.231292517006,3884.3197278911566,131.60589631685107,-53.99874391961477,142.2532118802872,-22.3086574756805
4104.0,7780.0,6071.0,1082130432,32768,128,32,8654.231292517006,6028.319727891157,178.9753474075079,-52.526878794236694,186.52412169878346,-16.356260721678492
4104.0,4118.0,8079.0,1082130432,32768,128,32,4992.231292517006,8036.319727891157,165.9398767754603,19.890952010082785,167.12777350315645,6.835341735421371
4104.0,5974.0,5877.0,1082130432,32768,128,32,6848.231292517006,5834.319727891157,156.25924803265036,-29.85095900831422,159.0849846762585,-10.815181805125976
4104.0,5900.0,6416.0,1082130432,32768,128,32,6774.231292517006,6373.319727891157,162.85056114880666,-22.900119112726102,164.45279177277064,-8.00447318954775
4104.0,6814.0,5283.0,1082130432,32768,128,32,7688.231292517006,5240.319727891157,157.41474513192261,-47.93104322793579,164.5502564260123,-16.93491069414191
4104.0,6377.0,6403.0,1082130432,32768,128,32,7251.231292517006,6360.319727891157,167.966857757895,-29.59652362300919,170.55444736396726,-9.993196297049908
4104.0,7882.0,7320.0,1082130432,32768,128,32,8756.231292517006,7277.319727891157,197.28490759392818,-40.17718569402234,201.3344009717086,-11.510908614223087
4104.0,5278.0,4024.0,1082130432,32768,128,32,6152.231292517006,3981.3197278911566,123.04910429054117,-40.68977889370132,129.60223830290425,-18.29797624745064
4104.0,7725.0,5253.0,1082130432,32768,128,32,8599.231292517006,5210.319727891157,167.11499249464205,-60.777133913493266,177.82373498277153,-19.98554282297137
4104.0,6786.0,8042.0,1082130432,32768,128,32,7660.231292517006,7999.319727891157,195.04796634374804,-17.170805325334413,195.8023128830515,-5.030992862338657
4104.0,4944.0,4962.0,1082130432,32768,128,32,5818.231292517006,4919.319727891157,132.24158557093477,-25.774079990373785,134.7298784741716,-11.02877058725871
4104.0,5020.0,4425.0,1082130432,32768,128,32,5894.231292517006,4382.319727891157,125.6999797117056,-32.73037769565239,129.89134891755978,-14.594871457839456
4104.0,7489.0,4757.0,1082130432,32768,128,32,8363.231292517006,4714.319727891157,157.6738017207305,-62.99561521443755,169.79244766865725,-21.778254107741237
4104.0,4722.0,5091.0,1082130432,32768,128,32,5596.231292517006,5048.319727891157,131.5513215683084,-21.303884274760726,133.26517058691996,-9.198819914291187
4104.0,6512.0,8195.0,1082130432,32768,128,32,7386.231292517006,8152.319727891157,194.1105283483031,-11.721974957091646,194.46414042838867,-3.4557892102394607
4104.0,6058.0,8675.0,1082130432,32768,128,32,6932.231292517006,8632.319727891156,195.67211941960687,-0.20006117008306035,195.67222169391513,-0.058580940043944874
4104.0,7585.0,6402.0,1082130432,32768,128,32,8459.231292517006,6359.319727891157,181.36287571912493,-46.20367890262297,187.1557443234042,-14.292542580312254
4104.0,5364.0,6556.0,1082130432,32768,128,32,6238.231292517006,6513.319727891157,158.82592587925444,-13.994918720179797,159.4413135965295,-5.0356019680032995
4104.0,6978.0,6101.0,1082130432,32768,128,32,7852.231292517006,6058.319727891157,170.48508764055077,-41.178288006202834,175.38761789512984,-13.578918058727153
4104.0,4399.0,7008.0,1082130432,32768,128,32,5273.231292517006,6965.319727891157,154.3299271998794,4.239114957577243,154.38813595980628,1.5733976170206443
4104.0,6859.0,5261.0,1082130432,32768,128,32,7733.231292517006,5218.319727891157,157.61171914899074,-48.7914889097265,164.99110098162353,-17.20083325667981
4104.0,3057.0,6708.0,1082130432,32768,128,32,3931.2312925170068,6665.319727891157,135.30680127746572,19.373335890228923,136.68670972503227,8.148274767373628
4104.0,7667.0,5229.0,1082130432,32768,128,32,8541.231292517006,5186.319727891157,166.14107808806756,-60.24453013742946,176.7265153839259,-19.931185683136864
4104.0,6604.0,5606.0,1082130432,32768,128,32,7478.231292517006,5563.319727891157,159.52573879041512,-41.489842379370536,164.83284975177966,-14.578640146319167
4104.0,6459.0,5230.0,1082130432,32768,128,32,7333.231292517006,5187.319727891157,152.74506012683764,-43.63737485781566,158.85614208343588,-15.94398411650924
4104.0,6597.0,4140.0,1082130432,32768,128,32,7471.231292517006,4097.319727891157,139.28639196022388,-57.533784853188884,150.7011459307133,-22.443613957504787
4104.0,6255.0,4793.0,1082130432,32768,128,32,7129.231292517006,4750.319727891157,144.47051173424398,-45.64592120304086,151.50999598451762,-17.534098403012347
4104.0,5847.0,4069.0,1082130432,32768,128,32,6721.231292517006,4026.3197278911566,129.98433867396548,-48.01156994478649,138.56781426100105,-20.272428353803335
4104.0,7171.0,5129.0,1082130432,32768,128,32,8045.231292517006,5086.319727891157,159.25979700389513,-54.531181309608385,168.33696170699787,-18.90140569101595
4104.0,6230.0,5938.0,1082130432,32768,128,32,7104.231292517006,5895.319727891157,159.9399760769433,-32.6964357820126,163.24782651031063,-11.553749083389283
4104.0,7596.0,7179.0,1082130432,32768,128,32,8470.231292517006,7136.319727891157,192.17092945409178,-37.80032309120162,195.85333939723557,-11.128100197803768
4104.0,6634.0,6714.0,1082130432,32768,128,32,7508.231292517006,6671.319727891157,175.09689281400017,-29.703332346702894,177.59845107887668,-9.627963751233553
4104.0,5543.0,7874.0,1082130432,32768,128,32,6417.231292517006,7831.319727891157,178.93919285870794,-1.9434283036467264,178.9497461705305,-0.6222553031124992
4104.0,6290.0,5103.0,1082130432,32768,128,32,7164.231292517006,5060.319727891157,149.1224155594685,-42.713785633332286,155.11918741864616,-15.983532806550912
4104.0,7651.0,5519.0,1082130432,32768,128,32,8525.231292517006,5476.319727891157,169.95178443146432,-56.83192200454783,179.20233366273422,-18.48994889187867
4104.0,6077.0,4436.0,1082130432,32768,128,32,6951.231292517006,4393.319727891157,137.58481022267037,-47.13089925270865,145.43349568918845,-18.90935164603016
4104.0,6647.0,4924.0,1082130432,32768,128,32,7521.231292517006,4881.319727891157,150.62364681062286,-49.58916437312236,158.5766950146074,-18.222869564933255
4104.0,6700.0,6265.0,1082130432,32768,128,32,7574.231292517006,6222.319727891157,169.65452750374234,-35.553397623708605,173.3398476551413,-11.835824090033046
4104.0,6375.0,5714.0,1082130432,32768,128,32,7249.231292517006,5671.319727891157,158.4689598408856,-37.15467909838653,162.76633992308206,-13.195243202139146
4104.0,6147.0,5541.0,1082130432,32768,128,32,7021.231292517006,5498.319727891157,153.5587379169911,-35.92695934581277,157.7055243119113,-13.168195323175519
4104.0,3523.0,5255.0,1082130432,32768,128,32,4397.231292517006,5212.319727891157,120.49692128749035,-3.025806684750563,120.53490592296127,-1.4384560620850195
4104.0,5963.0,6552.0,1082130432,32768,128,32,6837.231292517006,6509.319727891157,165.42029595480062,-22.268337396273438,166.91241165404116,-7.666879321191769
4104.0,6101.0,4723.0,1082130432,32768,128,32,6975.231292517006,4680.319727891157,141.79829023680287,-44.30086124559879,148.55746841267316,-17.34993681261484
4104.0,7005.0,6156.0,1082130432,32768,128,32,7879.231292517006,6113.319727891157,171.5412147043835,-40.943698899932826,176.35978799563057,-13.424276918323681
4104.0,5585.0,8781.0,1082130432,32768,128,32,6459.231292517006,8738.319727891156,191.87923873448534,7.465284463717211,192.02440659835364,2.228035064289629
4104.0,6853.0,7272.0,1082130432,32768,128,32,7727.231292517006,7229.319727891157,185.20204506581626,-26.56869918373829,187.09808463176907,-8.16383277061179
4104.0,3714.0,7103.0,1082130432,32768,128,32,4588.231292517006,7060.319727891157,148.0323950718584,14.695923309833383,148.76007580207556,5.669464827218221
4104.0,7263.0,5927.0,1082130432,32768,128,32,8137.231292517006,5884.319727891157,171.2558251544478,-47.009444370133636,177.59066841847147,-15.34952713071085
4104.0,6031.0,4857.0,1082130432,32768,128,32,6905.231292517006,4814.319727891157,142.86411251022878,-41.86387413619331,148.87155067717384,-16.33231640038609
4104.0,5521.0,3702.0,1082130432,32768,128,32,6395.231292517006,3659.3197278911566,121.31818997669932,-47.573341644549956,130.31241711537538,-21.411979251140867
4104.0,5042.0,8754.0,1082130432,32768,128,32,5916.231292517006,8711.319727891156,185.4801760924521,14.628046978228497,186.05610842346536,4.509345233713961
4104.0,7625.0,7649.0,1082130432,32768,128,32,8499.231292517006,7606.319727891157,198.95668043076722,-33.024216122521665,201.67885248220114,-9.424426701451244
4104.0,6610.0,5323.0,1082130432,32768,128,32,7484.231292517006,5280.319727891157,155.70029418453893,-44.68799781627985,161.98641535011447,-16.014163565699352
4104.0,5589.0,8527.0,1082130432,32768,128,32,6463.231292517006,8484.319727891156,188.43042444149648,4.613885252564032,188.48690350346982,1.4026574508289475
4104.0,3296.0,5958.0,1082130432,32768,128,32,4170.231292517006,5915.319727891157,127.64527472069408,7.832607197089125,127.88536231338344,3.5113978362479825
4104.0,6134.0,4358.0,1082130432,32768,128,32,7008.231292517006,4315.319727891157,137.14483569267605,-48.7727463827218,145.55922075528028,-19.576885856977018
4104.0,7313.0,5787.0,1082130432,32768,128,32,8187.231292517006,5744.319727891157,169.8854698594086,-49.237718614088486,176.87686621961672,-16.16311571914975
4104.0,6980.0,6317.0,1082130432,32768,128,32,7854.231292517006,6274.319727891157,173.4778994116811,-38.827685782407855,177.76999400210022,-12.615972716208367
4104.0,6880.0,7567.0,1082130432,32768,128,32,7754.231292517006,7524.319727891157,189.5588500895031,-23.69179975954067,191.03365939828743,-7.124106706533433
4104.0,4442.0,7287.0,1082130432,32768,128,32,5316.231292517006,7244.319727891157,158.64429988433614,6.720043861860631,158.78656390040217,2.4255527155154435
4104.0,5730.0,4756.0,1082130432,32768,128,32,6604.231292517006,4713.319727891157,138.13373530923872,-38.840548512835525,143.49047717274047,-15.704961345601381
4104.0,4160.0,4071.0,1082130432,32768,128,32,5034.231292517006,4028.3197278911566,111.28478859839282,-24.812648608446146,114.01741842523538,-12.569374144200223
4104.0,4887.0,3789.0,1082130432,32768,128,32,5761.231292517006,3746.3197278911566,115.47677623518972,-37.90527539255842,121.53886519240572,-18.172432680428184
4104.0,7314.0,5788.0,1082130432,32768,128,32,8188.231292517006,5745.319727891157,169.91032348787218,-49.24044751893373,176.90149716612981,-16.161723810808002
4104.0,6282.0,7235.0,1082130432,32768,128,32,7156.231292517006,7192.319727891157,178.35463167379208,-19.13135405971566,179.37776714981217,-6.12246821135664
4104.0,7325.0,7139.0,1082130432,32768,128,32,8199.231292517006,7096.319727891157,188.61249867682338,-34.51756619713548,191.74497916057237,-10.370813887553473
4104.0,6102.0,5956.0,1082130432,32768,128,32,6976.231292517006,5913.319727891157,158.76662405918398,-30.739730518415556,161.71509498959912,-10.957786851931704
4104.0,6772.0,5682.0,1082130432,32768,128,32,7646.231292517006,5639.319727891157,162.43588848768445,-42.96118401524358,168.02107368058054,-14.814430879969349
4104.0,6143.0,5840.0,1082130432,32768,128,32,7017.231292517006,5797.319727891157,157.62642932745257,-32.58012695004816,160.9582427047576,-11.67813161136069
4104.0,5306.0,8470.0,1082130432,32768,128,32,6180.231292517006,8427.319727891156,184.50498599850158,7.87434087314962,184.67294090497887,2.443797778422972
4104.0,6908.0,6898.0,1082130432,32768,128,32,7782.231292517006,6855.319727891157,180.66903277807356,-31.44191864352227,183.3845512930424,-9.872337938821792
4104.0,6704.0,9003.0,1082130432,32768,128,32,7578.231292517006,8960.319727891156,207.35416511026762,-5.463994871364022,207.4261435512178,-1.509453229558356
4104.0,6465.0,6107.0,1082130432,32768,128,32,7339.231292517006,6064.319727891157,164.87289232692282,-34.06436375807476,168.35513506420742,-11.673615853575871
4104.0,5344.0,4455.0,1082130432,32768,128,32,6218.231292517006,4412.319727891157,129.70922483308163,-36.85137300497242,134.84252555907773,-15.860249707964263
4104.0,6514.0,4170.0,1082130432,32768,128,32,7388.231292517006,4127.319727891157,138.77761000384538,-56.06319797634279,149.6740031057966,-21.99765887640721
4104.0,7128.0,5087.0,1082130432,32768,128,32,8002.231292517006,5044.319727891157,158.20484380479425,-54.40282877493825,167.29746077575294,-18.97685740952588
4104.0,5509.0,8391.0,1082130432,32768,128,32,6383.231292517006,8348.319727891156,185.67197597377813,4.215658566000357,185.71982780293635,1.300669903650247
4104.0,7655.0,6869.0,1082130432,32768,128,32,8529.231292517006,6826.319727891157,188.5625011701669,-42.02388059088469,193.18856950520166,-12.563868973919543
4104.0,5647.0,4178.0,1082130432,32768,128,32,6521.231292517006,4135.319727891157,129.26323585456322,-44.063814441406095,136.56721380594652,-18.823440174464118
4104.0,5862.0,8429.0,1082130432,32768,128,32,6736.231292517006,8386.319727891156,190.11316699911055,-0.21567713665037047,190.113289338381,-0.06500014996967497
4104.0,5446.0,4645.0,1082130432,32768,128,32,6320.231292517006,4602.319727891157,133.4545435216458,-36.16087418261373,138.26685795309618,-15.160841765393169
4104.0,6377.0,3963.0,1082130432,32768,128,32,7251.231292517006,3920.3197278911566,134.40996516604528,-56.460011855273414,145.78673353441704,-22.785241650029487
4104.0,6239.0,4228.0,1082130432,32768,128,32,7113.231292517006,4185.319727891157,136.52255284566064,-51.64654357777643,145.9649714795552,-20.721653135677688
4104.0,4719.0,7058.0,1082130432,32768,128,32,5593.231292517006,7015.319727891157,158.56982560338653,0.39326629943094815,158.57031326913207,0.14209798679439187
4104.0,4976.0,8608.0,1082130432,32768,128,32,5850.231292517006,8565.319727891156,182.73961062723833,13.927384592038635,183.26957558135294,4.358336208237732
4104.0,4644.0,4758.0,1082130432,32768,128,32,5518.231292517006,4715.319727891157,126.10576821580484,-23.898484409629887,128.35031100225515,-10.730946983490263
4104.0,2668.0,4790.0,1082130432,32768,128,32,3542.2312925170068,4747.319727891157,104.61067063589928,3.60116122456445,104.6726362191089,1.9715951776625729
4104.0,6722.0,8344.0,1082130432,32768,128,32,7596.231292517006,8301.319727891156,198.4908680108569,-12.966632180399259,198.9139468056606,-3.737598517911774
4104.0,7137.0,6444.0,1082130432,32768,128,32,8011.231292517006,6401.319727891157,176.96733433548013,-39.58641263285193,181.3408985500624,-12.60910449889676
4104.0,5957.0,4438.0,1082130432,32768,128,32,6831.231292517006,4395.319727891157,136.28021943663424,-45.46025625966631,143.66256683246235,-18.447629961505456
4104.0,4727.0,9280.0,1082130432,32768,128,32,5601.231292517006,9237.319727891156,189.21740881074896,24.74674774355138,190.82879583788466,7.451122182964024
4104.0,7483.0,5533.0,1082130432,32768,128,32,8357.231292517006,5490.319727891157,168.27938896914026,-54.369713999451896,176.84461697266727,-17.90522651371515
4104.0,5639.0,7593.0,1082130432,32768,128,32,6513.231292517006,7550.319727891157,176.1403262292734,-6.356032293201352,176.25496779003728,-2.066624314312471
4104.0,7846.0,5672.0,1082130432,32768,128,32,8720.231292517006,5629.319727891157,174.22062333888638,-57.826462755007526,183.56667832519713,-18.36178694200317
4104.0,3568.0,6404.0,1082130432,32768,128,32,4442.231292517006,6361.319727891157,136.7984531836798,9.006020059680594,137.09458483383946,3.7665878326329327
4104.0,6718.0,4485.0,1082130432,32768,128,32,7592.231292517006,4442.319727891157,145.37431376684654,-55.397826042730784,155.57188124285895,-20.860355314460822
4104.0,6643.0,5933.0,1082130432,32768,128,32,7517.231292517006,5890.319727891157,164.4558438523193,-38.42549728682184,168.88529663330073,-13.15135657935789
4104.0,6339.0,5375.0,1082130432,32768,128,32,7213.231292517006,5332.319727891157,153.40712329188125,-40.39235530034143,158.635707970808,-14.751267987900304
4104.0,5113.0,4703.0,1082130432,32768,128,32,5987.231292517006,4660.319727891157,130.55563975287197,-30.94738497619077,134.17345381313788,-13.335464913340997
4104.0,6193.0,5519.0,1082130432,32768,128,32,7067.231292517006,5476.319727891157,153.7668127376901,-36.801143558773425,158.10931935449378,-13.459476940654435
4104.0,4661.0,4178.0,1082130432,32768,128,32,5535.231292517006,4135.319727891157,118.31784347454854,-30.517622707843998,122.19016891798654,-14.46302309288602
4104.0,7144.0,5210.0,1082130432,32768,128,32,8018.231292517006,5167.319727891157,160.07405411731304,-53.2684612357194,168.70456948160535,-18.406094184058798
4104.0,6516.0,5575.0,1082130432,32768,128,32,7390.231292517006,5532.319727891157,158.12253050108612,-40.62215005248134,163.25713989578898,-14.407881112248985
4104.0,6949.0,5396.0,1082130432,32768,128,32,7823.231292517006,5353.319727891157,160.46742282818485,-48.54165716118694,167.64869897817184,-16.83065160916288
4104.0,5820.0,8674.0,1082130432,32768,128,32,6694.231292517006,8631.319727891156,193.01637533063268,3.0586996220382616,193.04060917111076,0.9078810607255023
4104.0,4463.0,4552.0,1082130432,32768,128,32,5337.231292517006,4509.319727891157,121.26344084308019,-23.67979329075839,123.55385342188343,-11.049421451424914
4104.0,5342.0,3806.0,1082130432,32768,128,32,6216.231292517006,3763.3197278911566,120.76143990938121,-43.96914342736183,128.51696752850577,-20.006524452258702
4104.0,6674.0,4989.0,1082130432,32768,128,32,7548.231292517006,4946.319727891157,151.81730212278285,-49.244479003605356,159.60423533282835,-17.971337164260273
4104.0,6242.0,4880.0,1082130432,32768,128,32,7116.231292517006,4837.319727891157,145.5226970474901,-44.50948280758285,152.177361705919,-17.006743640692086
4104.0,4743.0,4180.0,1082130432,32768,128,32,5617.231292517006,4137.319727891157,119.2556150219434,-31.62216301112978,123.37691399838317,-14.850946985737444
4104.0,5737.0,4042.0,1082130432,32768,128,32,6611.231292517006,3999.3197278911566,128.3919240040888,-46.7975914268598,136.6546768787187,-20.02629984878067
4104.0,5873.0,4744.0,1082130432,32768,128,32,6747.231292517006,4701.319727891157,139.5561163304571,-40.93727398603351,145.4364810033839,-16.348478959186934
4104.0,6805.0,5175.0,1082130432,32768,128,32,7679.231292517006,5132.319727891157,155.82953281731068,-48.99643609047377,163.35083118132331,-17.454362612712416
4104.0,5811.0,4301.0,1082130432,32768,128,32,6685.231292517006,4258.319727891157,132.77536510444727,-44.96274951533856,140.1818334257273,-18.708040258613106
4104.0,7261.0,7242.0,1082130432,32768,128,32,8135.231292517006,7199.319727891157,189.3185882022199,-32.50430869081528,192.08867203026193,-9.742187924674361
4104.0,2751.0,5940.0,1082130432,32768,128,32,3625.2312925170068,5897.319727891157,121.34778589489366,15.121933410862532,122.28637704861288,7.103379070743292
4104.0,4829.0,8373.0,1082130432,32768,128,32,5703.231292517006,8330.319727891156,177.87587865781342,13.359686487715862,178.37687471009022,4.2952377434524776
4104.0,6623.0,7884.0,1082130432,32768,128,32,7497.231292517006,7841.319727891157,191.06558902834945,-16.67094570393634,191.7915007017092,-4.986569966224723
4104.0,5646.0,4398.0,1082130432,32768,128,32,6520.231292517006,4355.319727891157,132.27775651413197,-41.627958118802496,138.6733275203013,-17.468847226210716
4104.0,6370.0,5463.0,1082130432,32768,128,32,7244.231292517006,5420.319727891157,154.96149678971733,-39.84940265003613,160.00325115095094,-14.421522449280728
4104.0,6009.0,8562.0,1082130432,32768,128,32,6883.231292517006,8519.319727891156,193.57411083559742,-0.7709609174468568,193.5756461090299,-0.22819463299017637
4104.0,5918.0,4229.0,1082130432,32768,128,32,6792.231292517006,4186.319727891157,132.97294770499164,-47.225465445900575,141.11006132780324,-19.552541537609002
4104.0,4568.0,8666.0,1082130432,32768,128,32,5442.231292517006,8623.319727891156,179.00814658615099,20.171263636207186,180.14104590817246,6.4291686235660865
4104.0,6394.0,4974.0,1082130432,32768,128,32,7268.231292517006,4931.319727891157,148.50278473365495,-45.56283467089228,155.33527924105755,-17.056782303224512
4104.0,7025.0,5636.0,1082130432,32768,128,32,7899.231292517006,5593.319727891157,164.6117618639833,-46.94347521217486,171.17453668393796,-15.916926746494044
4104.0,3930.0,7285.0,1082130432,32768,128,32,4804.231292517006,7242.319727891157,152.93318277567727,13.732152568221181,153.54846273426386,5.130933735023925
4104.0,4761.0,6866.0,1082130432,32768,128,32,5635.231292517006,6823.319727891157,156.39551698799883,-2.2976002640486684,156.41239305412083,-0.8416694501720361
4104.0,4357.0,7440.0,1082130432,32768,128,32,5231.231292517006,7397.319727891157,159.80491377512118,9.572291838984526,160.0913465422932,3.427913266041469
4104.0,5320.0,8559.0,1082130432,32768,128,32,6194.231292517006,8516.319727891156,185.884398659446,8.661858179668613,186.08610225406017,2.667944039642732
4104.0,5934.0,4507.0,1082130432,32768,128,32,6808.231292517006,4464.319727891157,136.9738458665828,-44.384605826353464,143.98551206924657,-17.954247273058392
4104.0,3813.0,4562.0,1082130432,32768,128,32,4687.231292517006,4519.319727891157,114.18544673135719,-14.639651767049571,115.12009229105095,-7.306002381240704
4104.0,5937.0,4809.0,1082130432,32768,128,32,6811.231292517006,4766.319727891157,141.1605013769584,-41.10091426980435,147.02235307193283,-16.23368013746503
4104.0,3887.0,5009.0,1082130432,32768,128,32,4761.231292517006,4966.319727891157,121.15441890026806,-10.73500010648501,121.62908141701911,-5.06352227091106
4104.0,7012.0,4944.0,1082130432,32768,128,32,7886.231292517006,4901.319727891157,154.95049663253633,-54.38353572365694,164.21700692825917,-19.339727291301067
4104.0,6229.0,6042.0,1082130432,32768,128,32,7103.231292517006,5999.319727891157,161.3591690559159,-31.53769611307402,164.4123101064402,-11.059061425669316
4104.0,6065.0,5151.0,1082130432,32768,128,32,6939.231292517006,5108.319727891157,147.2848703344988,-39.09415405650997,152.38499240687798,-14.865365432696132
4104.0,6017.0,9053.0,1082130432,32768,128,32,6891.231292517006,9010.319727891156,200.41555425751233,4.524857358620579,200.46662745320413,1.29336863715819
4104.0,7310.0,7910.0,1082130432,32768,128,32,8184.231292517006,7867.319727891157,199.04941456839188,-25.823066333243844,200.7174636021257,-7.391808047003112
4104.0,6039.0,4253.0,1082130432,32768,128,32,6913.231292517006,4210.319727891157,134.64621274030947,-48.6235966856707,143.15675590051433,-19.855723764950838
4104.0,6434.0,7268.0,1082130432,32768,128,32,7308.231292517006,7225.319727891157,180.49579704516066,-20.85629312883168,181.69677408815923,-6.591297003536079
4104.0,5575.0,4538.0,1082130432,32768,128,32,6449.231292517006,4495.319727891157,133.4149949329234,-39.111174720278896,139.02965460991464,-16.33872406902742
4104.0,6720.0,4645.0,1082130432,32768,128,32,7594.231292517006,4602.319727891157,147.59696734734428,-53.663762893118935,157.0498781215124,-19.980411091029012
4104.0,7341.0,8294.0,1082130432,32768,128,32,8215.231292517006,8251.319727891156,204.67462421671462,-22.02126429082783,205.8558667592931,-6.140919962744382
4104.0,6743.0,7239.0,1082130432,32768,128,32,7617.231292517006,7196.319727891157,183.5271134469432,-25.4207784237598,185.2792955131173,-7.885997857071342
4104.0,6339.0,4404.0,1082130432,32768,128,32,7213.231292517006,4361.319727891157,140.05313037930495,-51.082702461623626,149.07824059810122,-20.03883569571414
4104.0,6810.0,7952.0,1082130432,32768,128,32,7684.231292517006,7909.319727891157,194.07663139594308,-18.49139644263586,194.9555605680317,-5.442645579360921
4104.0,6013.0,5762.0,1082130432,32768,128,32,6887.231292517006,5719.319727891157,155.11060451848994,-31.652868751282277,158.3073078991532,-11.53378493911251
4104.0,6188.0,4770.0,1082130432,32768,128,32,7062.231292517006,4727.319727891157,143.41044291982456,-44.97866102012286,150.2984866378347,-17.41329664300428
4104.0,5488.0,9165.0,1082130432,32768,128,32,6362.231292517006,9122.319727891156,196.08354551805974,13.025618495885738,196.5157081765561,3.800513111898463
4104.0,4590.0,7033.0,1082130432,32768,128,32,5464.231292517006,6990.319727891157,156.79400131418922,1.890296162235913,156.80539553119635,0.6907199537110529
4104.0,7461.0,6103.0,1082130432,32768,128,32,8335.231292517006,6060.319727891157,175.87428144391507,-47.79197930863508,182.25212251068697,-15.202425395779953
4104.0,5759.0,8462.0,1082130432,32768,128,32,6633.231292517006,8419.319727891156,189.42362744461326,1.56270924256863,189.43007336337186,0.47266866454948436
4104.0,6202.0,5428.0,1082130432,32768,128,32,7076.231292517006,5385.319727891157,152.61521291058972,-37.92666633485046,157.25722632368826,-13.955958290000575
4104.0,6265.0,7629.0,1082130432,32768,128,32,7139.231292517006,7586.319727891157,183.58453099616145,-14.560006257895466,184.1609996804712,-4.534610723090784
4104.0,5675.0,4074.0,1082130432,32768,128,32,6549.231292517006,4031.3197278911566,128.1437645736235,-45.59349445193309,136.01320206303026,-19.585536017306005
4104.0,6209.0,6462.0,1082130432,32768,128,32,7083.231292517006,6419.319727891157,166.9133394130436,-26.638882433301845,169.02571677501967,-9.067766416033432
4104.0,4638.0,5605.0,1082130432,32768,128,32,5512.231292517006,5562.319727891157,137.68780602733807,-14.490899725590658,138.44825063350928,-6.007955000198518
4104.0,6858.0,5315.0,1082130432,32768,128,32,7732.231292517006,5272.319727891157,158.34327088632705,-48.18323055702285,165.51197884712747,-16.924797526952133
4104.0,6842.0,5500.0,1082130432,32768,128,32,7716.231292517006,5457.319727891157,160.70993062228771,-45.926633188234604,167.14346363716166,-15.94853049174493
4104.0,7785.0,7645.0,1082130432,32768,128,32,8659.231292517006,7602.319727891157,200.67779771237178,-35.266419615011046,203.7530339581466,-9.967186409855566
4104.0,7997.0,6965.0,1082130432,32768,128,32,8871.231292517006,6922.319727891157,193.67924719585807,-45.66553412383355,198.9899288938244,-13.266851159399788
4104.0,6373.0,4030.0,1082130432,32768,128,32,7247.231292517006,3987.3197278911566,135.2870012153145,-55.66741276683886,146.29228804686224,-22.366011276786917
4104.0,6281.0,3992.0,1082130432,32768,128,32,7155.231292517006,3949.3197278911566,133.74311993763303,-54.82183369954279,144.54291951123867,-22.288917911728774
4104.0,6532.0,8846.0,1082130432,32768,128,32,7406.231292517006,8803.319727891156,203.28563338702418,-4.829478843111772,203.34299252115787,-1.360926051739443
4104.0,3439.0,6524.0,1082130432,32768,128,32,4313.231292517006,6481.319727891157,137.01678849522767,12.099445739566832,137.54997970465382,5.046487997736982
4104.0,5855.0,4779.0,1082130432,32768,128,32,6729.231292517006,4736.319727891157,139.83765073424723,-40.304643503610116,145.5301784882655,-16.07828001699249
4104.0,6370.0,4147.0,1082130432,32768,128,32,7244.231292517006,4104.319727891157,136.8627793098508,-54.3380708933393,147.25503831389435,-21.65436053649238
4104.0,2650.0,6840.0,1082130432,32768,128,32,3524.2312925170068,6797.319727891157,132.60414707763093,26.418188751255215,135.21013467592925,11.267282751346874
4104.0,6176.0,5261.0,1082130432,32768,128,32,7050.231292517006,5218.319727891157,150.02987026912257,-39.40807212065662,155.11917393164723,-14.717318050472047
4104.0,7478.0,7857.0,1082130432,32768,128,32,8352.231292517006,7814.319727891157,200.18544986223966,-28.714649765003017,202.23438245677727,-8.162840725467856
4104.0,7360.0,5649.0,1082130432,32768,128,32,8234.231292517006,5606.319727891157,168.50931780314227,-51.40275801188411,176.17500877737658,-16.964012834514254
4104.0,6493.0,5643.0,1082130432,32768,128,32,7367.231292517006,5600.319727891157,158.802404106202,-39.557509245493215,163.65512545477077,-13.987642681910927
4104.0,7107.0,5777.0,1082130432,32768,128,32,7981.231292517006,5734.319727891157,167.46117606312694,-46.51767745632756,173.80201323453224,-15.524328292226578
4104.0,6685.0,5914.0,1082130432,32768,128,32,7559.231292517006,5871.319727891157,164.6607739329931,-39.21169849612865,169.26525860661295,-13.394721239032593
4104.0,6102.0,8222.0,1082130432,32768,128,32,6976.231292517006,8179.319727891157,189.93052513013959,-5.791917266648852,190.01881665202077,-1.7466892387750652
4104.0,6326.0,5759.0,1082130432,32768,128,32,7200.231292517006,5716.319727891157,158.54389758044675,-35.98605788644799,162.5766398416635,-12.78823568931571
4104.0,6568.0,5049.0,1082130432,32768,128,32,7442.231292517006,5006.319727891157,151.46578642787665,-47.12761712010968,158.62817137455377,-17.28319799270675
4104.0,7200.0,6091.0,1082130432,32768,128,32,8074.231292517006,6048.319727891157,172.8119377982714,-44.33833818917678,178.4092320452376,-14.389975829003975
4104.0,7056.0,5052.0,1082130432,32768,128,32,7930.231292517006,5009.319727891157,156.92423707422796,-53.79899145206693,165.89016746808133,-18.923466899293345
4104.0,4867.0,8246.0,1082130432,32768,128,32,5741.231292517006,8203.319727891156,176.55110044202948,11.439399760021388,176.92131283189474,3.707223660485514
4104.0,7306.0,8363.0,1082130432,32768,128,32,8180.231292517006,8320.319727891156,205.23504100309307,-20.780751483475697,206.28441940136747,-5.781689371326943
4104.0,7246.0,7820.0,1082130432,32768,128,32,8120.231292517006,7777.319727891157,197.10120890107243,-25.934666707590466,198.80013452585487,-7.495942538957257
4104.0,6805.0,5758.0,1082130432,32768,128,32,7679.231292517006,5715.319727891157,163.84742969478953,-42.57782394317457,169.28925337813078,-14.566843582722063
4104.0,5875.0,7901.0,1082130432,32768,128,32,6749.231292517006,7858.319727891157,182.99598593463259,-6.207360741300391,183.1012348280614,-1.9427708037964804
4104.0,6697.0,5636.0,1082130432,32768,128,32,7571.231292517006,5593.319727891157,160.9706982730656,-42.43723698843411,166.47067244932617,-14.769034603654923
4104.0,5242.0,8887.0,1082130432,32768,128,32,6116.231292517006,8844.319727891156,189.52946252137383,13.3446210454251,189.99867387560064,4.027504351411613
4104.0,7088.0,6079.0,1082130432,32768,128,32,7962.231292517006,6036.319727891157,171.4036138936239,-42.93173821403974,176.69842388055798,-14.061672132363942
4104.0,5307.0,3286.0,1082130432,32768,128,32,6181.231292517006,3243.3197278911566,113.22144286928443,-49.21330052525708,123.45462354238462,-23.49285656472346
4104.0,4147.0,8887.0,1082130432,32768,128,32,5021.231292517006,8844.319727891156,177.37408254559688,28.38831267651082,179.63146009402575,9.092941289631192
4104.0,7324.0,6739.0,1082130432,32768,128,32,8198.231292517006,6696.319727891157,183.1002679401024,-38.907678195844895,187.1884492759335,-11.996561361822986
4104.0,4458.0,7698.0,1082130432,32768,128,32,5332.231292517006,7655.319727891157,164.4743237486798,11.025183782592649,164.84343435522533,3.8349626349323507
4104.0,6311.0,5886.0,1082130432,32768,128,32,7185.231292517006,5843.319727891157,160.12399427974015,-34.38175737566216,163.77362053864826,-12.118522478061124
4104.0,6752.0,5642.0,1082130432,32768,128,32,7626.231292517006,5599.319727891157,161.66375942175853,-43.1267984448327,167.31733877419114,-14.936864246463129
4104.0,6040.0,8582.0,1082130432,32768,128,32,6914.231292517006,8539.319727891156,194.19329224480816,-0.9766628572210578,194.1957482109589,-0.2881571617457664
4104.0,7681.0,5586.0,1082130432,32768,128,32,8555.231292517006,5543.319727891157,171.20624780418234,-56.50643297589127,180.29020010762088,-18.265416283742343
4104.0,3915.0,6492.0,1082130432,32768,128,32,4789.231292517006,6449.319727891157,141.8606806288634,5.207596860284426,141.95623189400183,2.102340143461323
4104.0,6369.0,5890.0,1082130432,32768,128,32,7243.231292517006,5847.319727891157,160.82285218966015,-35.13455367821996,164.6159975475804,-12.323635121697215
4104.0,7387.0,5557.0,1082130432,32768,128,32,8261.231292517006,5514.319727891157,167.54377961656442,-52.78658397534479,175.6625786443716,-17.487629599266548
4104.0,4078.0,5638.0,1082130432,32768,128,32,4952.231292517006,5595.319727891157,131.92519921354398,-6.434004601708487,132.08199954099754,-2.7921083598210314
4104.0,6306.0,8738.0,1082130432,32768,128,32,7180.231292517006,8695.319727891156,199.2915466845185,-2.9136104417724766,199.31284380519492,-0.8375954325753586
4104.0,3097.0,6134.0,1082130432,32768,128,32,3971.2312925170068,6091.319727891157,127.85671196871527,12.50426913305435,128.46670985902486,5.585711390364597
4104.0,7030.0,8193.0,1082130432,32768,128,32,7904.231292517006,8150.319727891157,199.83323897941614,-18.860553355770605,200.7213089681569,-5.391687852135388
4104.0,5659.0,7985.0,1082130432,32768,128,32,6533.231292517006,7942.319727891157,181.75344963631863,-2.3150293973183835,181.76819253052022,-0.7297481384816218
4104.0,6353.0,6123.0,1082130432,32768,128,32,7227.231292517006,6080.319727891157,163.84964751759162,-32.34949424584616,167.0125647057761,-11.16849763927712
4104.0,5370.0,4687.0,1082130432,32768,128,32,6244.231292517006,4644.319727891157,133.18850108867593,-34.65434150806086,137.6230366167145,-14.58442285241054
4104.0,6969.0,5035.0,1082130432,32768,128,32,7843.231292517006,4992.319727891157,155.7246691361879,-52.790902887801906,164.42947425958803,-18.726738084529995
4104.0,7265.0,5173.0,1082130432,32768,128,32,8139.231292517006,5130.319727891157,160.90839683783463,-55.33817968129616,170.15823901110838,-18.978661017953197
4104.0,7579.0,7716.0,1082130432,32768,128,32,8453.231292517006,7673.319727891157,199.3674827275409,-31.65459872494955,201.86482306126024,-9.02183596021362
4104.0,8002.0,6261.0,1082130432,32768,128,32,8876.231292517006,6218.319727891157,184.05276253177362,-53.48500371227095,191.66654642289325,-16.203655240353847
4104.0,6709.0,6236.0,1082130432,32768,128,32,7583.231292517006,6193.319727891157,169.35560281627096,-35.99632356765434,173.13883306655902,-11.999572380768555
4104.0,4297.0,6210.0,1082130432,32768,128,32,5171.231292517006,6167.319727891157,142.22289101301823,-3.145236670198102,142.25766496682144,-1.2668805710326383
4104.0,6224.0,5483.0,1082130432,32768,128,32,7098.231292517006,5440.319727891157,153.6158359562682,-37.62338457273075,158.156075201842,-13.761904022429155
4104.0,5585.0,9033.0,1082130432,32768,128,32,6459.231292517006,8990.319727891156,195.3449505923321,10.239710297541222,195.61314216815353,3.0006187130031354
4104.0,5602.0,4095.0,1082130432,32768,128,32,6476.231292517006,4052.3197278911566,127.62221523005893,-44.359379523708704,135.11174772001104,-19.166609279436543
4104.0,7340.0,7699.0,1082130432,32768,128,32,8214.231292517006,7656.319727891157,196.48059263761223,-28.558253422853454,198.54520170931164,-8.269969511400197
4104.0,7144.0,7217.0,1082130432,32768,128,32,8018.231292517006,7174.319727891157,187.6759735565927,-31.172141202049616,190.2471377906522,-9.430480235670919
4104.0,6693.0,9041.0,1082130432,32768,128,32,7567.231292517006,8998.319727891156,207.7546636139719,-4.89450522815612,207.81231059488047,-1.3495852349953017
4104.0,6603.0,8613.0,1082130432,32768,128,32,7477.231292517006,8570.319727891156,200.86938225878927,-8.37015748983238,201.0436974029084,-2.3861148474577174
4104.0,6107.0,8904.0,1082130432,32768,128,32,6981.231292517006,8861.319727891156,199.36545568421246,1.647955230945783,199.3722665683893,0.4735962347741777
4104.0,6410.0,7787.0,1082130432,32768,128,32,7284.231292517006,7744.319727891157,187.3670938462048,-14.8125723182346,187.95169633460466,-4.520198096671296
4104.0,7313.0,8393.0,1082130432,32768,128,32,8187.231292517006,8350.319727891156,205.72533137349075,-20.54663241192432,206.7488236295513,-5.703450956905062
4104.0,6906.0,8072.0,1082130432,32768,128,32,7780.231292517006,8029.319727891157,196.7926475244314,-18.489140275986415,197.65928874662126,-5.3673200924308
4104.0,6735.0,4692.0,1082130432,32768,128,32,7609.231292517006,4649.319727891157,148.40986216894507,-53.35238842340722,157.70847960552845,-19.773184033379138
4104.0,3717.0,7983.0,1082130432,32768,128,32,4591.231292517006,7940.319727891157,160.16818333554923,24.343178882058197,162.00752239045568,8.641968681485052
4104.0,7090.0,5343.0,1082130432,32768,128,32,7964.231292517006,5300.319727891157,161.3037364239998,-51.06230025135768,169.1929487044392,-17.56570064968952
4104.0,6881.0,8363.0,1082130432,32768,128,32,7755.231292517006,8320.319727891156,200.5171994599833,-14.941875736250637,201.0731382601671,-4.261614968283803
4104.0,5692.0,8226.0,1082130432,32768,128,32,6566.231292517006,8183.319727891157,185.4342069408234,-0.11508098167412584,185.4342426506077,-0.03555791466104026
4104.0,6426.0,6104.0,1082130432,32768,128,32,7300.231292517006,6061.319727891157,164.39870251082164,-33.56158992142116,167.78949223743206,-11.53824557211696
4104.0,6446.0,4665.0,1082130432,32768,128,32,7320.231292517006,4622.319727891157,144.83040364914683,-49.679212826061054,153.11391187018856,-18.93281222032912
4104.0,6132.0,5657.0,1082130432,32768,128,32,7006.231292517006,5614.319727891157,154.98755354312453,-34.44376472459863,158.76874592213164,-12.52954262593593
4104.0,4978.0,4368.0,1082130432,32768,128,32,5852.231292517006,4325.319727891157,124.44983494374472,-32.780908087022674,128.6947914739953,-14.756888953916977
4104.0,6453.0,5219.0,1082130432,32768,128,32,7327.231292517006,5176.319727891157,152.5271742318926,-43.6760495603677,158.65729162054234,-15.979027955015559
4104.0,3838.0,7646.0,1082130432,32768,128,32,4712.231292517006,7603.319727891157,156.87667860625322,18.97057253907191,158.01953965567,6.895107586850842
4104.0,6478.0,4112.0,1082130432,32768,128,32,7352.231292517006,4069.3197278911566,137.58031723283682,-56.20716918105741,148.61894077551497,-22.222016851507465
4104.0,7511.0,7911.0,1082130432,32768,128,32,8385.231292517006,7868.319727891157,201.29442892302478,-28.573501472077353,203.31230189494556,-8.079092229271492
4104.0,6679.0,5696.0,1082130432,32768,128,32,7553.231292517006,5653.319727891157,161.5960532976739,-41.52936584789326,166.84715361405728,-14.412822726454543
4104.0,4995.0,4329.0,1082130432,32768,128,32,5869.231292517006,4286.319727891157,124.1021884369928,-33.44383854357492,128.5295433407416,-15.082138152001733
4104.0,6674.0,8396.0,1082130432,32768,128,32,7548.231292517006,8353.319727891156,198.67317632787797,-11.734682115357742,199.0194306005235,-3.380262649931639
4104.0,5848.0,5111.0,1082130432,32768,128,32,6722.231292517006,5068.319727891157,144.32588295329612,-36.553277845620634,148.882848614297,-14.212391849103891
4104.0,5913.0,7256.0,1082130432,32768,128,32,6787.231292517006,7213.319727891157,174.54724445549692,-13.830633905188648,175.09433737624514,-4.5304910183175116
4104.0,5994.0,5744.0,1082130432,32768,128,32,6868.231292517006,5701.319727891157,154.65213840251482,-31.590009932897956,157.84553411494161,-11.544703144600609
4104.0,5735.0,4396.0,1082130432,32768,128,32,6609.231292517006,4353.319727891157,133.23822238761184,-42.87270664557667,139.96604188205217,-17.836868596393785
4104.0,3663.0,6804.0,1082130432,32768,128,32,4537.231292517006,6761.319727891157,143.35415946170036,12.104710128415547,143.86430774262107,4.826560260022681
4104.0,5829.0,5846.0,1082130432,32768,128,32,6703.231292517006,5803.319727891157,154.22329393636312,-28.2001704047384,156.78033678825332,-10.362221658901001
4104.0,6479.0,9899.0,1082130432,32768,128,32,7353.231292517006,9856.319727891156,217.17901534344904,7.491799828802584,217.30819535909112,1.9756898124497904
4104.0,6348.0,4677.0,1082130432,32768,128,32,7222.231292517006,4634.319727891157,143.9075587913166,-48.200721255510416,151.76526284636964,-18.517874360448026
4104.0,5984.0,4486.0,1082130432,32768,128,32,6858.231292517006,4443.319727891157,137.24007672663788,-45.302734537669195,144.5239648519372,-18.267975830052148
4104.0,4359.0,6380.0,1082130432,32768,128,32,5233.231292517006,6337.319727891157,145.24912105969403,-2.125389127535726,145.26467033507183,-0.8383330354033846
4104.0,5608.0,4578.0,1082130432,32768,128,32,6482.231292517006,4535.319727891157,134.33143444605034,-39.124161195899,139.91295247265782,-16.238252137359236
4104.0,3038.0,6569.0,1082130432,32768,128,32,3912.2312925170068,6526.319727891157,133.18424335673083,18.104029923324717,134.40907178449504,7.740897552073729
4104.0,6764.0,5974.0,1082130432,32768,128,32,7638.231292517006,5931.319727891157,166.36290690979348,-39.63646487907209,171.01949053715055,-13.401052660252253
4104.0,5492.0,7899.0,1082130432,32768,128,32,6366.231292517006,7856.319727891157,178.7168724943529,-0.9675225558622742,178.71949142177778,-0.3101801005228924
4104.0,7078.0,6861.0,1082130432,32768,128,32,7952.231292517006,6818.319727891157,182.04731487650662,-34.18482511642614,185.22912061008816,-10.63514647742576
4104.0,6552.0,4551.0,1082130432,32768,128,32,7426.231292517006,4508.319727891157,144.4392668030859,-52.39059453109044,153.64724595622974,-19.936574993645145
4104.0,6523.0,6611.0,1082130432,32768,128,32,7397.231292517006,6568.319727891157,172.4481626532055,-29.312346898283323,174.92164669689032,-9.646805067218999
4104.0,6490.0,5673.0,1082130432,32768,128,32,7364.231292517006,5630.319727891157,159.18168644029123,-39.18600486224243,163.93398755303576,-13.829608181350753
4104.0,5181.0,8783.0,1082130432,32768,128,32,6055.231292517006,8740.319727891156,187.4220197172888,13.0376703090229,187.87494330536623,3.9792658597107007
4104.0,6973.0,6615.0,1082130432,32768,128,32,7847.231292517006,6572.319727891157,177.49853558641735,-35.450647419458136,181.00408431243036,-11.294704488258887
4104.0,6517.0,5769.0,1082130432,32768,128,32,7391.231292517006,5726.319727891157,160.80167932226567,-38.50002107665978,165.34639910129283,-13.464605055097287
4104.0,7302.0,6011.0,1082130432,32768,128,32,8176.231292517006,5968.319727891157,172.84399378199976,-46.620438474486676,179.02098053039865,-15.094916864405402
4104.0,6049.0,7792.0,1082130432,32768,128,32,6923.231292517006,7749.319727891157,183.4284678596328,-9.797914434262296,183.6899614801894,-3.057574175183246
4104.0,7233.0,6256.0,1082130432,32768,128,32,8107.231292517006,6213.319727891157,175.44748041548905,-42.97512137420962,180.63410376025746,-13.763370426727885
4104.0,6383.0,4619.0,1082130432,32768,128,32,7257.231292517006,4576.319727891157,143.49842307809814,-49.32012817329088,151.73751173961793,-18.967745793081317
4104.0,6265.0,7907.0,1082130432,32768,128,32,7139.231292517006,7864.319727891157,187.4078162996591,-11.499330139629294,187.76028388311238,-3.511262646523441
4104.0,5052.0,4405.0,1082130432,32768,128,32,5926.231292517006,4362.319727891157,125.78014893123819,-33.39020321958449,130.1366648420406,-14.8671083034601
4104.0,6826.0,5327.0,1082130432,32768,128,32,7700.231292517006,5284.319727891157,158.15307906813268,-47.61148204368837,165.16431103942367,-16.754254565147296
4104.0,4044.0,6744.0,1082130432,32768,128,32,4918.231292517006,6701.319727891157,146.75839615508937,6.209752173186004,146.8897132683788,2.4228970545177924
4104.0,5275.0,3844.0,1082130432,32768,128,32,6149.231292517006,3801.3197278911566,120.54029340975806,-42.63029603863722,127.85657775668959,-19.476656730431568
4104.0,4835.0,8432.0,1082130432,32768,128,32,5709.231292517006,8389.319727891156,178.7539001447293,13.926823253853428,179.29560291009906,4.454949050923961
4104.0,5597.0,4192.0,1082130432,32768,128,32,6471.231292517006,4149.319727891157,128.90073522067905,-43.222753114363265,135.9544259199266,-18.537236083226727
4104.0,4213.0,7280.0,1082130432,32768,128,32,5087.231292517006,7237.319727891157,156.0059460790432,9.789100115504297,156.31276881012857,3.5905024914102466
4104.0,6450.0,6017.0,1082130432,32768,128,32,7324.231292517006,5974.319727891157,163.46862603751484,-34.8491521597485,167.14202076332026,-12.034477198030554
4104.0,7349.0,6867.0,1082130432,32768,128,32,8223.231292517006,6824.319727891157,185.1381496094624,-37.841909305532056,188.96598778802442,-11.552033735477703
4104.0,4614.0,4558.0,1082130432,32768,128,32,5488.231292517006,4515.319727891157,123.02217914033437,-25.688253739471335,125.67554631120561,-11.794458021882493
4104.0,3055.0,6554.0,1082130432,32768,128,32,3929.2312925170068,6511.319727891157,133.16666464596435,17.705330498565232,134.33852500676846,7.573410254509982
4104.0,7301.0,5133.0,1082130432,32768,128,32,8175.231292517006,5090.319727891157,160.7579127752361,-56.273151856401974,170.3225591039076,-19.292548954557272
4104.0,6720.0,7380.0,1082130432,32768,128,32,7594.231292517006,7337.319727891157,185.21094326484803,-23.552434895068657,186.70246568950608,-7.247146566762692
