timestamp,sampleNum,BIOZI,BIOZQ,temperature,RTC,statusCache1,statusCache0,sensor,regAddr,val,I2Caddr,
1761081120796.870600,8,5342.000000,-3877.000000,,,,,,,,,
1761081120828.104200,9,5366.000000,-3843.000000,,,,,,,,,
1761081120859.338100,10,5383.000000,-3815.000000,,,,,,,,,
1761081120890.572000,11,5376.000000,-3821.000000,,,,,,,,,
1761081120921.805700,12,5372.000000,-3826.000000,0.000000,589,5,0,,,,,
1761081120953.039600,13,5374.000000,-3826.000000,,,,,,,,,
1761081120984.273400,14,5377.000000,-3826.000000,,,,,,,,,
1761081121015.507300,15,5377.000000,-3826.000000,,,,,,,,,
1761081121046.741000,16,5375.000000,-3825.000000,,,,,,,,,
1761081121077.974900,17,5376.000000,-3824.000000,,,,,,,,,
1761081121109.208700,18,5378.000000,-3824.000000,,,,,,,,,
1761081121140.442400,19,5378.000000,-3826.000000,,,,,,,,,
1761081121171.676300,20,5377.000000,-3827.000000,,,,,,,,,
1761081121202.910200,21,5377.000000,-3827.000000,,,,,,,,,
1761081121234.143800,22,5374.000000,-3824.000000,,,,,,,,,
1761081121265.377700,23,5372.000000,-3822.000000,,,,,,,,,
1761081121296.611600,24,5375.000000,-3823.000000,,,,,,,,,
1761081121327.845500,25,5378.000000,-3824.000000,,,,,,,,,
1761081121359.079100,26,5378.000000,-3824.000000,,,,,,,,,
1761081121390.313000,27,5377.000000,-3826.000000,,,,,,,,,
1761081121421.546900,28,5376.000000,-3826.000000,,,,,,,,,
1761081121452.780500,29,5375.000000,-3824.000000,,,,,,,,,
1761081121484.014400,30,5376.000000,-3822.000000,,,,,,,,,
1761081121515.248300,31,5377.000000,-3822.000000,,,,,,,,,
1761081121546.481900,32,5376.000000,-3823.000000,,,,,,,,,
1761081121577.715800,33,5376.000000,-3822.000000,,,,,,,,,
1761081121608.949700,34,5376.000000,-3823.000000,,,,,,,,,
1761081121640.183600,35,5377.000000,-3825.000000,,,,,,,,,
1761081121671.417200,36,5377.000000,-3825.000000,,,,,,,,,
1761081121702.651100,37,5374.000000,-3825.000000,,,,,,,,,
1761081121733.885000,38,5374.000000,-3825.000000,,,,,,,,,
1761081121765.118700,39,5375.000000,-3825.000000,,,,,,,,,
1761081121796.352500,40,5377.000000,-3823.000000,,,,,,,,,
1761081121827.586400,41,5378.000000,-3822.000000,,,,,,,,,
1761081121858.820100,42,5378.000000,-3823.000000,0.000000,1548,5,0,,,,,
1761081121890.054000,43,5378.000000,-3824.000000,,,,,,,,,
1761081121921.287800,44,5377.000000,-3823.000000,,,,,,,,,
1761081121952.521700,45,5376.000000,-3821.000000,,,,,,,,,
1761081121983.755400,46,5376.000000,-3822.000000,,,,,,,,,
1761081122014.989300,47,5376.000000,-3825.000000,,,,,,,,,
1761081122046.223100,48,5376.000000,-3826.000000,,,,,,,,,
1761081122077.456800,49,5377.000000,-3825.000000,,,,,,,,,
1761081122108.690700,50,5378.000000,-3825.000000,,,,,,,,,
1761081122139.924600,51,5380.000000,-3825.000000,,,,,,,,,
1761081122171.158200,52,5377.000000,-3824.000000,,,,,,,,,
1761081122202.392100,53,5374.000000,-3824.000000,,,,,,,,,
1761081122233.626000,54,5373.000000,-3824.000000,,,,,,,,,
1761081122264.859900,55,5375.000000,-3821.000000,,,,,,,,,
1761081122296.093500,56,5374.000000,-3820.000000,,,,,,,,,
1761081122327.327400,57,5374.000000,-3821.000000,,,,,,,,,
1761081122358.561300,58,5378.000000,-3825.000000,,,,,,,,,
1761081122389.794900,59,5379.000000,-3827.000000,,,,,,,,,
1761081122421.028800,60,5378.000000,-3827.000000,,,,,,,,,
1761081122452.262700,61,5377.000000,-3825.000000,,,,,,,,,
1761081122483.496600,62,5375.000000,-3823.000000,,,,,,,,,
1761081122514.730200,63,5374.000000,-3823.000000,,,,,,,,,
1761081122545.964100,64,5375.000000,-3824.000000,,,,,,,,,
1761081122577.198000,65,5377.000000,-3824.000000,,,,,,,,,
1761081122608.431600,66,5377.000000,-3822.000000,,,,,,,,,
1761081122639.665500,67,5376.000000,-3822.000000,,,,,,,,,
1761081122670.899400,68,5375.000000,-3824.000000,,,,,,,,,
1761081122702.133100,69,5376.000000,-3825.000000,,,,,,,,,
1761081122733.366900,70,5377.000000,-3825.000000,,,,,,,,,
1761081122764.600800,71,5376.000000,-3825.000000,,,,,,,,,
1761081122795.834700,72,5374.000000,-3824.000000,,,,,,,,,
1761081122827.068400,73,5375.000000,-3824.000000,,,,,,,,,
1761081122858.302200,74,5377.000000,-3825.000000,,,,,,,,,
1761081122889.536100,75,5377.000000,-3825.000000,0.000000,2604,5,0,,,,,
1761081122920.769800,76,5378.000000,-3822.000000,,,,,,,,,
1761081122952.003700,77,5378.000000,-3821.000000,,,,,,,,,
1761081122983.237500,78,5376.000000,-3822.000000,,,,,,,,,
1761081123014.471200,79,5376.000000,-3823.000000,,,,,,,,,
1761081123045.705100,80,5378.000000,-3824.000000,,,,,,,,,
1761081123076.939000,81,5380.000000,-3824.000000,,,,,,,,,
1761081123108.172900,82,5379.000000,-3823.000000,,,,,,,,,
1761081123139.406500,83,5377.000000,-3823.000000,,,,,,,,,
1761081123170.640400,84,5376.000000,-3824.000000,,,,,,,,,
1761081123201.874300,85,5375.000000,-3826.000000,,,,,,,,,
1761081123233.107900,86,5377.000000,-3825.000000,,,,,,,,,
1761081123264.341800,87,5379.000000,-3823.000000,,,,,,,,,
1761081123295.575700,88,5378.000000,-3823.000000,,,,,,,,,
1761081123326.809300,89,5376.000000,-3824.000000,,,,,,,,,
1761081123358.043200,90,5374.000000,-3823.000000,,,,,,,,,
1761081123389.277100,91,5374.000000,-3824.000000,,,,,,,,,
1761081123420.511000,92,5376.000000,-3825.000000,,,,,,,,,
1761081123451.744600,93,5376.000000,-3826.000000,,,,,,,,,
1761081123482.978500,94,5375.000000,-3827.000000,,,,,,,,,
1761081123514.212400,95,5374.000000,-3829.000000,,,,,,,,,
1761081123545.446000,96,5375.000000,-3828.000000,,,,,,,,,
1761081123576.679900,97,5377.000000,-3824.000000,,,,,,,,,
1761081123607.913800,98,5378.000000,-3822.000000,,,,,,,,,
1761081123639.147500,99,5377.000000,-3823.000000,,,,,,,,,
1761081123670.381300,100,5376.000000,-3825.000000,,,,,,,,,
1761081123701.615200,101,5379.000000,-3826.000000,,,,,,,,,
1761081123732.849100,102,5380.000000,-3824.000000,,,,,,,,,
1761081123764.082800,103,5378.000000,-3823.000000,,,,,,,,,
1761081123795.316700,104,5376.000000,-3823.000000,,,,,,,,,
1761081123826.550500,105,5374.000000,-3824.000000,,,,,,,,,
1761081123857.784200,106,5374.000000,-3824.000000,,,,,,,,,
1761081123889.018100,107,5375.000000,-3823.000000,,,,,,,,,
1761081123920.252000,108,5377.000000,-3823.000000,0.000000,3659,7,0,,,,,
1761081123951.485600,109,5376.000000,-3824.000000,,,,,,,,,
1761081123982.719500,110,5376.000000,-3824.000000,,,,,,,,,
1761081124013.953400,111,5378.000000,-3822.000000,,,,,,,,,
1761081124045.187300,112,5377.000000,-3820.000000,,,,,,,,,
1761081124076.420900,113,5375.000000,-3820.000000,,,,,,,,,
1761081124107.654800,114,5374.000000,-3822.000000,,,,,,,,,
1761081124138.888700,115,5375.000000,-3825.000000,,,,,,,,,
1761081124170.122300,116,5377.000000,-3827.000000,,,,,,,,,
1761081124201.356200,117,5378.000000,-3827.000000,,,,,,,,,
1761081124232.590100,118,5377.000000,-3826.000000,,,,,,,,,
1761081124263.823700,119,5376.000000,-3825.000000,,,,,,,,,
1761081124295.057600,120,5375.000000,-3825.000000,,,,,,,,,
1761081124326.291500,121,5376.000000,-3825.000000,,,,,,,,,
1761081124357.525400,122,5376.000000,-3824.000000,,,,,,,,,
1761081124388.759000,123,5375.000000,-3824.000000,,,,,,,,,
1761081124419.992900,124,5374.000000,-3823.000000,,,,,,,,,
1761081124451.226800,125,5374.000000,-3823.000000,,,,,,,,,
1761081124482.460400,126,5375.000000,-3826.000000,,,,,,,,,
1761081124513.694300,127,5375.000000,-3827.000000,,,,,,,,,
1761081124544.928200,128,5376.000000,-3826.000000,,,,,,,,,
1761081124576.162100,129,5377.000000,-3825.000000,,,,,,,,,
1761081124607.395800,130,5375.000000,-3823.000000,,,,,,,,,
1761081124638.629600,131,5373.000000,-3823.000000,,,,,,,,,
1761081124669.863500,132,5373.000000,-3824.000000,,,,,,,,,
1761081124701.097200,133,5375.000000,-3824.000000,,,,,,,,,
1761081124732.331100,134,5376.000000,-3824.000000,,,,,,,,,
1761081124763.564900,135,5377.000000,-3823.000000,,,,,,,,,
1761081124794.798600,136,5375.000000,-3823.000000,,,,,,,,,
1761081124826.032500,137,5374.000000,-3824.000000,,,,,,,,,
1761081124857.266400,138,5376.000000,-3825.000000,0.000000,4619,5,0,,,,,
1761081124888.500200,139,5375.000000,-3826.000000,,,,,,,,,
1761081124919.733900,140,5374.000000,-3826.000000,,,,,,,,,
1761081124950.967800,141,5376.000000,-3826.000000,,,,,,,,,
1761081124982.201700,142,5377.000000,-3826.000000,,,,,,,,,
1761081125013.435300,143,5376.000000,-3824.000000,,,,,,,,,
1761081125044.669200,144,5377.000000,-3821.000000,,,,,,,,,
1761081125075.903100,145,5379.000000,-3821.000000,,,,,,,,,
1761081125107.136700,146,5378.000000,-3825.000000,,,,,,,,,
1761081125138.370600,147,5377.000000,-3828.000000,,,,,,,,,
1761081125169.604500,148,5379.000000,-3826.000000,,,,,,,,,
1761081125200.838400,149,5379.000000,-3824.000000,,,,,,,,,
1761081125232.072000,150,5378.000000,-3822.000000,,,,,,,,,
1761081125263.305900,151,5377.000000,-3822.000000,,,,,,,,,
1761081125294.539800,152,5374.000000,-3822.000000,,,,,,,,,
1761081125325.773400,153,5370.000000,-3821.000000,,,,,,,,,
1761081125357.007300,154,5371.000000,-3819.000000,,,,,,,,,
1761081125388.241200,155,5375.000000,-3820.000000,,,,,,,,,
1761081125419.474900,156,5376.000000,-3825.000000,,,,,,,,,
1761081125450.708700,157,5375.000000,-3827.000000,,,,,,,,,
1761081125481.942600,158,5376.000000,-3824.000000,,,,,,,,,
1761081125513.176500,159,5377.000000,-3821.000000,,,,,,,,,
1761081125544.410200,160,5376.000000,-3821.000000,,,,,,,,,
1761081125575.644000,161,5375.000000,-3822.000000,,,,,,,,,
1761081125606.877900,162,5376.000000,-3822.000000,,,,,,,,,
1761081125638.111600,163,5377.000000,-3822.000000,,,,,,,,,
1761081125669.345500,164,5377.000000,-3822.000000,,,,,,,,,
1761081125700.579300,165,5373.000000,-3823.000000,,,,,,,,,
1761081125731.813000,166,5373.000000,-3824.000000,,,,,,,,,
1761081125763.046900,167,5376.000000,-3823.000000,,,,,,,,,
1761081125794.280800,168,5377.000000,-3822.000000,,,,,,,,,
1761081125825.514600,169,5375.000000,-3823.000000,,,,,,,,,
1761081125856.748300,170,5375.000000,-3823.000000,,,,,,,,,
1761081125887.982200,171,5375.000000,-3825.000000,0.000000,5674,5,0,,,,,
1761081125919.216100,172,5376.000000,-3824.000000,,,,,,,,,
1761081125950.449700,173,5377.000000,-3823.000000,,,,,,,,,
1761081125981.683600,174,5377.000000,-3825.000000,,,,,,,,,
1761081126012.917500,175,5375.000000,-3826.000000,,,,,,,,,
1761081126044.151100,176,5374.000000,-3826.000000,,,,,,,,,
1761081126075.385000,177,5375.000000,-3824.000000,,,,,,,,,
1761081126106.618900,178,5378.000000,-3823.000000,,,,,,,,,
1761081126137.852800,179,5379.000000,-3827.000000,,,,,,,,,
1761081126169.086400,180,5376.000000,-3829.000000,,,,,,,,,
1761081126200.320300,181,5376.000000,-3828.000000,,,,,,,,,
1761081126231.554200,182,5377.000000,-3826.000000,,,,,,,,,
1761081126262.787800,183,5377.000000,-3825.000000,,,,,,,,,
1761081126294.021700,184,5378.000000,-3825.000000,,,,,,,,,
1761081126325.255600,185,5377.000000,-3825.000000,,,,,,,,,
1761081126356.489500,186,5376.000000,-3826.000000,,,,,,,,,
1761081126387.723100,187,5375.000000,-3827.000000,,,,,,,,,
1761081126418.957000,188,5375.000000,-3824.000000,,,,,,,,,
1761081126450.190900,189,5376.000000,-3822.000000,,,,,,,,,
1761081126481.424600,190,5376.000000,-3822.000000,,,,,,,,,
1761081126512.658400,191,5375.000000,-3824.000000,,,,,,,,,
1761081126543.892300,192,5375.000000,-3824.000000,,,,,,,,,
1761081126575.126000,193,5375.000000,-3824.000000,,,,,,,,,
1761081126606.359900,194,5375.000000,-3824.000000,,,,,,,,,
1761081126637.593700,195,5374.000000,-3823.000000,,,,,,,,,
1761081126668.827600,196,5375.000000,-3823.000000,,,,,,,,,
1761081126700.061300,197,5375.000000,-3822.000000,,,,,,,,,
1761081126731.295200,198,5376.000000,-3823.000000,,,,,,,,,
1761081126762.529100,199,5378.000000,-3825.000000,,,,,,,,,
1761081126793.762700,200,5380.000000,-3826.000000,,,,,,,,,
1761081126824.996600,201,5378.000000,-3824.000000,,,,,,,,,
1761081126856.230500,202,5376.000000,-3823.000000,,,,,,,,,
1761081126887.464100,203,5376.000000,-3823.000000,,,,,,,,,
1761081126918.698000,204,5377.000000,-3824.000000,0.000000,6730,7,0,,,,,
1761081126949.931900,205,5375.000000,-3825.000000,,,,,,,,,
1761081126981.165800,206,5373.000000,-3823.000000,,,,,,,,,
1761081127012.399400,207,5375.000000,-3823.000000,,,,,,,,,
1761081127043.633300,208,5378.000000,-3824.000000,,,,,,,,,
1761081127074.867200,209,5378.000000,-3825.000000,,,,,,,,,
1761081127106.100800,210,5376.000000,-3826.000000,,,,,,,,,
1761081127137.334700,211,5374.000000,-3826.000000,,,,,,,,,
1761081127168.568600,212,5374.000000,-3824.000000,,,,,,,,,
1761081127199.802200,213,5376.000000,-3823.000000,,,,,,,,,
1761081127231.036100,214,5377.000000,-3825.000000,,,,,,,,,
1761081127262.270000,215,5375.000000,-3826.000000,,,,,,,,,
1761081127293.503900,216,5375.000000,-3826.000000,,,,,,,,,
1761081127324.737500,217,5376.000000,-3825.000000,,,,,,,,,
1761081127355.971400,218,5377.000000,-3824.000000,,,,,,,,,
1761081127387.205300,219,5375.000000,-3822.000000,,,,,,,,,
1761081127418.439000,220,5374.000000,-3821.000000,,,,,,,,,
1761081127449.672900,221,5374.000000,-3822.000000,,,,,,,,,
1761081127480.906700,222,5374.000000,-3822.000000,,,,,,,,,
1761081127512.140400,223,5374.000000,-3823.000000,,,,,,,,,
1761081127543.374300,224,5374.000000,-3823.000000,,,,,,,,,
1761081127574.608200,225,5374.000000,-3821.000000,,,,,,,,,
1761081127605.842000,226,5375.000000,-3822.000000,,,,,,,,,
1761081127637.075700,227,5378.000000,-3822.000000,,,,,,,,,
1761081127668.309600,228,5380.000000,-3823.000000,,,,,,,,,
1761081127699.543500,229,5380.000000,-3826.000000,,,,,,,,,
1761081127730.777100,230,5379.000000,-3826.000000,,,,,,,,,
1761081127762.011000,231,5377.000000,-3825.000000,,,,,,,,,
1761081127793.244900,232,5377.000000,-3823.000000,,,,,,,,,
1761081127824.478500,233,5379.000000,-3824.000000,,,,,,,,,
1761081127855.712400,234,5378.000000,-3826.000000,0.000000,7689,5,0,,,,,
1761081127886.946300,235,5377.000000,-3825.000000,,,,,,,,,
1761081127918.180200,236,5376.000000,-3823.000000,,,,,,,,,
1761081127949.413800,237,5376.000000,-3824.000000,,,,,,,,,
1761081127980.647700,238,5375.000000,-3825.000000,,,,,,,,,
1761081128011.881600,239,5374.000000,-3825.000000,,,,,,,,,
1761081128043.115200,240,5373.000000,-3826.000000,,,,,,,,,
1761081128074.349100,241,5373.000000,-3827.000000,,,,,,,,,
1761081128105.583000,242,5373.000000,-3825.000000,,,,,,,,,
1761081128136.816900,243,5372.000000,-3824.000000,,,,,,,,,
1761081128168.050500,244,5373.000000,-3823.000000,,,,,,,,,
1761081128199.284400,245,5376.000000,-3822.000000,,,,,,,,,
1761081128230.518300,246,5377.000000,-3823.000000,,,,,,,,,
1761081128261.752000,247,5375.000000,-3824.000000,,,,,,,,,
1761081128292.985800,248,5374.000000,-3823.000000,,,,,,,,,
1761081128324.219700,249,5376.000000,-3823.000000,,,,,,,,,
1761081128355.453400,250,5377.000000,-3823.000000,,,,,,,,,
1761081128386.687300,251,5375.000000,-3823.000000,,,,,,,,,
1761081128417.921100,252,5375.000000,-3821.000000,,,,,,,,,
1761081128449.155000,253,5375.000000,-3821.000000,,,,,,,,,
1761081128480.388700,254,5375.000000,-3821.000000,,,,,,,,,
1761081128511.622600,255,5375.000000,-3823.000000,,,,,,,,,
1761081128542.856400,256,5376.000000,-3824.000000,,,,,,,,,
1761081128574.090100,257,5377.000000,-3823.000000,,,,,,,,,
1761081128605.324000,258,5375.000000,-3822.000000,,,,,,,,,
1761081128636.557900,259,5375.000000,-3822.000000,,,,,,,,,
1761081128667.791500,260,5377.000000,-3824.000000,,,,,,,,,
1761081128699.025400,261,5377.000000,-3825.000000,,,,,,,,,
1761081128730.259300,262,5377.000000,-3825.000000,,,,,,,,,
1761081128761.493200,263,5376.000000,-3825.000000,,,,,,,,,
1761081128792.726800,264,5374.000000,-3824.000000,,,,,,,,,
1761081128823.960700,265,5373.000000,-3824.000000,,,,,,,,,
1761081128855.194600,266,5374.000000,-3825.000000,,,,,,,,,
1761081128886.428200,267,5376.000000,-3823.000000,0.000000,8745,5,0,,,,,
1761081128917.662100,268,5376.000000,-3821.000000,,,,,,,,,
1761081128948.896000,269,5375.000000,-3823.000000,,,,,,,,,
1761081128980.129600,270,5376.000000,-3825.000000,,,,,,,,,
1761081129011.363500,271,5379.000000,-3824.000000,,,,,,,,,
1761081129042.597400,272,5378.000000,-3824.000000,,,,,,,,,
1761081129073.831300,273,5376.000000,-3825.000000,,,,,,,,,
1761081129105.064900,274,5376.000000,-3826.000000,,,,,,,,,
1761081129136.298800,275,5375.000000,-3825.000000,,,,,,,,,
1761081129167.532700,276,5373.000000,-3825.000000,,,,,,,,,
1761081129198.766400,277,5372.000000,-3825.000000,,,,,,,,,
1761081129230.000200,278,5375.000000,-3825.000000,,,,,,,,,
1761081129261.234100,279,5375.000000,-3826.000000,,,,,,,,,
1761081129292.467800,280,5374.000000,-3825.000000,,,,,,,,,
1761081129323.701700,281,5374.000000,-3822.000000,,,,,,,,,
1761081129354.935500,282,5374.000000,-3824.000000,,,,,,,,,
1761081129386.169400,283,5373.000000,-3826.000000,,,,,,,,,
1761081129417.403100,284,5373.000000,-3824.000000,,,,,,,,,
1761081129448.637000,285,5374.000000,-3822.000000,,,,,,,,,
1761081129479.870800,286,5377.000000,-3824.000000,,,,,,,,,
1761081129511.104500,287,5377.000000,-3826.000000,,,,,,,,,
1761081129542.338400,288,5377.000000,-3826.000000,,,,,,,,,
1761081129573.572300,289,5375.000000,-3826.000000,,,,,,,,,
1761081129604.805900,290,5374.000000,-3826.000000,,,,,,,,,
1761081129636.039800,291,5375.000000,-3824.000000,,,,,,,,,
1761081129667.273700,292,5376.000000,-3822.000000,,,,,,,,,
1761081129698.507600,293,5376.000000,-3821.000000,,,,,,,,,
1761081129729.741200,294,5374.000000,-3823.000000,,,,,,,,,
1761081129760.975100,295,5373.000000,-3825.000000,,,,,,,,,
1761081129792.209000,296,5374.000000,-3822.000000,,,,,,,,,
1761081129823.442600,297,5375.000000,-3820.000000,,,,,,,,,
1761081129854.676500,298,5377.000000,-3822.000000,,,,,,,,,
1761081129885.910400,299,5378.000000,-3824.000000,,,,,,,,,
1761081129917.144000,300,5377.000000,-3825.000000,0.000000,9800,5,0,,,,,
1761081129948.377900,301,5376.000000,-3826.000000,,,,,,,,,
1761081129979.611800,302,5375.000000,-3826.000000,,,,,,,,,
1761081130010.845700,303,5375.000000,-3824.000000,,,,,,,,,
1761081130042.079300,304,5375.000000,-3822.000000,,,,,,,,,
1761081130073.313200,305,5374.000000,-3822.000000,,,,,,,,,
1761081130104.547100,306,5373.000000,-3822.000000,,,,,,,,,
1761081130135.780800,307,5375.000000,-3822.000000,,,,,,,,,
1761081130167.014600,308,5376.000000,-3822.000000,,,,,,,,,
1761081130198.248500,309,5377.000000,-3824.000000,,,,,,,,,
1761081130229.482400,310,5377.000000,-3825.000000,,,,,,,,,
1761081130260.716100,311,5375.000000,-3826.000000,,,,,,,,,
1761081130291.950000,312,5375.000000,-3824.000000,,,,,,,,,
1761081130323.183800,313,5377.000000,-3823.000000,,,,,,,,,
1761081130354.417500,314,5378.000000,-3824.000000,,,,,,,,,
1761081130385.651400,315,5376.000000,-3826.000000,,,,,,,,,
1761081130416.885300,316,5373.000000,-3827.000000,,,,,,,,,
1761081130448.118900,317,5372.000000,-3825.000000,,,,,,,,,
1761081130479.352800,318,5373.000000,-3822.000000,,,,,,,,,
1761081130510.586700,319,5374.000000,-3823.000000,,,,,,,,,
1761081130541.820600,320,5373.000000,-3826.000000,,,,,,,,,
1761081130573.054200,321,5372.000000,-3826.000000,,,,,,,,,
1761081130604.288100,322,5372.000000,-3824.000000,,,,,,,,,
1761081130635.522000,323,5374.000000,-3823.000000,,,,,,,,,
1761081130666.755600,324,5374.000000,-3823.000000,,,,,,,,,
1761081130697.989500,325,5373.000000,-3823.000000,,,,,,,,,
1761081130729.223400,326,5373.000000,-3826.000000,,,,,,,,,
1761081130760.457000,327,5375.000000,-3827.000000,,,,,,,,,
1761081130791.690900,328,5376.000000,-3824.000000,,,,,,,,,
1761081130822.924800,329,5376.000000,-3822.000000,,,,,,,,,
1761081130854.158700,330,5374.000000,-3823.000000,0.000000,10760,7,0,,,,,
1761081130885.392300,331,5374.000000,-3823.000000,,,,,,,,,
1761081130916.626200,332,5374.000000,-3822.000000,,,,,,,,,
1761081130947.860100,333,5373.000000,-3821.000000,,,,,,,,,
1761081130979.093700,334,5373.000000,-3820.000000,,,,,,,,,
1761081131010.327600,335,5371.000000,-3823.000000,,,,,,,,,
1761081131041.561500,336,5373.000000,-3825.000000,,,,,,,,,
1761081131072.795200,337,5375.000000,-3824.000000,,,,,,,,,
1761081131104.029100,338,5374.000000,-3823.000000,,,,,,,,,
1761081131135.262900,339,5374.000000,-3822.000000,,,,,,,,,
1761081131166.496800,340,5374.000000,-3822.000000,,,,,,,,,
1761081131197.730500,341,5375.000000,-3825.000000,,,,,,,,,
1761081131228.964400,342,5376.000000,-3827.000000,,,,,,,,,
1761081131260.198200,343,5376.000000,-3827.000000,,,,,,,,,
1761081131291.431900,344,5375.000000,-3827.000000,,,,,,,,,
1761081131322.665800,345,5375.000000,-3825.000000,,,,,,,,,
1761081131353.899700,346,5376.000000,-3823.000000,,,,,,,,,
1761081131385.133300,347,5376.000000,-3823.000000,,,,,,,,,
1761081131416.367200,348,5377.000000,-3824.000000,,,,,,,,,
1761081131447.601100,349,5378.000000,-3824.000000,,,,,,,,,
1761081131478.835000,350,5378.000000,-3823.000000,,,,,,,,,
1761081131510.068600,351,5376.000000,-3824.000000,,,,,,,,,
1761081131541.302500,352,5374.000000,-3825.000000,,,,,,,,,
1761081131572.536400,353,5373.000000,-3826.000000,,,,,,,,,
1761081131603.770000,354,5374.000000,-3824.000000,,,,,,,,,
1761081131635.003900,355,5376.000000,-3822.000000,,,,,,,,,
1761081131666.237800,356,5376.000000,-3823.000000,,,,,,,,,
1761081131697.471400,357,5377.000000,-3825.000000,,,,,,,,,
1761081131728.705300,358,5377.000000,-3823.000000,,,,,,,,,
1761081131759.939200,359,5376.000000,-3821.000000,,,,,,,,,
1761081131791.173100,360,5375.000000,-3821.000000,,,,,,,,,
1761081131822.406700,361,5377.000000,-3823.000000,,,,,,,,,
1761081131853.640600,362,5376.000000,-3824.000000,,,,,,,,,
1761081131884.874500,363,5374.000000,-3825.000000,0.000000,11815,5,0,,,,,
1761081131916.108200,364,5374.000000,-3826.000000,,,,,,,,,
1761081131947.342000,365,5375.000000,-3826.000000,,,,,,,,,
1761081131978.575900,366,5375.000000,-3826.000000,,,,,,,,,
1761081132009.809800,367,5375.000000,-3825.000000,,,,,,,,,
1761081132041.043500,368,5375.000000,-3824.000000,,,,,,,,,
1761081132072.277300,369,5376.000000,-3825.000000,,,,,,,,,
1761081132103.511200,370,5377.000000,-3826.000000,,,,,,,,,
1761081132134.744900,371,5375.000000,-3824.000000,,,,,,,,,
1761081132165.978800,372,5374.000000,-3821.000000,,,,,,,,,
1761081132197.212600,373,5374.000000,-3821.000000,,,,,,,,,
1761081132228.446300,374,5376.000000,-3823.000000,,,,,,,,,
1761081132259.680200,375,5378.000000,-3825.000000,,,,,,,,,
1761081132290.914100,376,5376.000000,-3826.000000,,,,,,,,,
1761081132322.147900,377,5373.000000,-3827.000000,,,,,,,,,
1761081132353.381600,378,5372.000000,-3827.000000,,,,,,,,,
1761081132384.615500,379,5373.000000,-3824.000000,,,,,,,,,
1761081132415.849400,380,5377.000000,-3821.000000,,,,,,,,,
1761081132447.083000,381,5379.000000,-3820.000000,,,,,,,,,
1761081132478.316900,382,5376.000000,-3823.000000,,,,,,,,,
1761081132509.550800,383,5374.000000,-3823.000000,,,,,,,,,
1761081132540.784400,384,5375.000000,-3823.000000,,,,,,,,,
1761081132572.018300,385,5375.000000,-3826.000000,,,,,,,,,
1761081132603.252200,386,5375.000000,-3827.000000,,,,,,,,,
1761081132634.486100,387,5377.000000,-3825.000000,,,,,,,,,
1761081132665.719700,388,5377.000000,-3824.000000,,,,,,,,,
1761081132696.953600,389,5376.000000,-3824.000000,,,,,,,,,
1761081132728.187500,390,5374.000000,-3824.000000,,,,,,,,,
1761081132759.421100,391,5372.000000,-3824.000000,,,,,,,,,
1761081132790.655000,392,5374.000000,-3825.000000,,,,,,,,,
1761081132821.888900,393,5375.000000,-3826.000000,,,,,,,,,
1761081132853.122600,394,5374.000000,-3825.000000,,,,,,,,,
1761081132884.356400,395,5374.000000,-3823.000000,,,,,,,,,
1761081132915.590300,396,5375.000000,-3822.000000,0.000000,12871,7,0,,,,,
1761081132946.824200,397,5377.000000,-3822.000000,,,,,,,,,
1761081132978.057900,398,5377.000000,-3823.000000,,,,,,,,,
1761081133009.291700,399,5375.000000,-3825.000000,,,,,,,,,
1761081133040.525600,400,5375.000000,-3826.000000,,,,,,,,,
1761081133071.759300,401,5376.000000,-3824.000000,,,,,,,,,
1761081133102.993200,402,5377.000000,-3823.000000,,,,,,,,,
1761081133134.227100,403,5378.000000,-3824.000000,,,,,,,,,
1761081133165.460700,404,5376.000000,-3826.000000,,,,,,,,,
1761081133196.694600,405,5374.000000,-3825.000000,,,,,,,,,
1761081133227.928500,406,5375.000000,-3825.000000,,,,,,,,,
1761081133259.162400,407,5375.000000,-3826.000000,,,,,,,,,
1761081133290.396000,408,5375.000000,-3826.000000,,,,,,,,,
1761081133321.629900,409,5374.000000,-3824.000000,,,,,,,,,
1761081133352.863800,410,5375.000000,-3823.000000,,,,,,,,,
1761081133384.097400,411,5377.000000,-3822.000000,,,,,,,,,
1761081133415.331300,412,5377.000000,-3822.000000,,,,,,,,,
1761081133446.565200,413,5375.000000,-3823.000000,,,,,,,,,
1761081133477.798800,414,5375.000000,-3823.000000,,,,,,,,,
1761081133509.032700,415,5375.000000,-3824.000000,,,,,,,,,
1761081133540.266600,416,5375.000000,-3825.000000,,,,,,,,,
1761081133571.500500,417,5376.000000,-3824.000000,,,,,,,,,
1761081133602.734100,418,5376.000000,-3822.000000,,,,,,,,,
1761081133633.968000,419,5375.000000,-3821.000000,,,,,,,,,
1761081133665.201900,420,5376.000000,-3822.000000,,,,,,,,,
1761081133696.435500,421,5376.000000,-3825.000000,,,,,,,,,
1761081133727.669400,422,5374.000000,-3827.000000,,,,,,,,,
1761081133758.903300,423,5374.000000,-3826.000000,,,,,,,,,
1761081133790.137200,424,5376.000000,-3825.000000,,,,,,,,,
1761081133821.370800,425,5377.000000,-3825.000000,,,,,,,,,
1761081133852.604700,426,5374.000000,-3826.000000,0.000000,13830,5,0,,,,,
1761081133883.838600,427,5373.000000,-3825.000000,,,,,,,,,
1761081133915.072300,428,5373.000000,-3824.000000,,,,,,,,,
1761081133946.306200,429,5375.000000,-3824.000000,,,,,,,,,
1761081133977.540000,430,5378.000000,-3825.000000,,,,,,,,,
1761081134008.773700,431,5378.000000,-3825.000000,,,,,,,,,
1761081134040.007600,432,5378.000000,-3825.000000,,,,,,,,,
1761081134071.241500,433,5378.000000,-3824.000000,,,,,,,,,
1761081134102.475300,434,5376.000000,-3823.000000,,,,,,,,,
1761081134133.709000,435,5375.000000,-3823.000000,,,,,,,,,
1761081134164.942900,436,5377.000000,-3825.000000,,,,,,,,,
1761081134196.176800,437,5377.000000,-3826.000000,,,,,,,,,
1761081134227.410400,438,5376.000000,-3825.000000,,,,,,,,,
1761081134258.644300,439,5375.000000,-3823.000000,,,,,,,,,
1761081134289.878200,440,5375.000000,-3823.000000,,,,,,,,,
1761081134321.111800,441,5376.000000,-3823.000000,,,,,,,,,
1761081134352.345700,442,5377.000000,-3823.000000,,,,,,,,,
1761081134383.579600,443,5377.000000,-3822.000000,,,,,,,,,
1761081134414.813500,444,5376.000000,-3824.000000,,,,,,,,,
1761081134446.047100,445,5374.000000,-3825.000000,,,,,,,,,
1761081134477.281000,446,5373.000000,-3824.000000,,,,,,,,,
1761081134508.514900,447,5373.000000,-3824.000000,,,,,,,,,
1761081134539.748500,448,5374.000000,-3824.000000,,,,,,,,,
1761081134570.982400,449,5375.000000,-3825.000000,,,,,,,,,
1761081134602.216300,450,5375.000000,-3826.000000,,,,,,,,,
1761081134633.450000,451,5375.000000,-3825.000000,,,,,,,,,
1761081134664.683800,452,5376.000000,-3824.000000,,,,,,,,,
1761081134695.917700,453,5375.000000,-3824.000000,,,,,,,,,
1761081134727.151600,454,5373.000000,-3822.000000,,,,,,,,,
1761081134758.385300,455,5373.000000,-3822.000000,,,,,,,,,
1761081134789.619100,456,5373.000000,-3823.000000,,,,,,,,,
1761081134820.853000,457,5375.000000,-3824.000000,,,,,,,,,
1761081134852.086700,458,5376.000000,-3825.000000,,,,,,,,,
1761081134883.320600,459,5375.000000,-3826.000000,0.000000,14885,5,0,,,,,
1761081134914.554400,460,5374.000000,-3825.000000,,,,,,,,,
1761081134945.788100,461,5374.000000,-3823.000000,,,,,,,,,
1761081134977.022000,462,5377.000000,-3823.000000,,,,,,,,,
1761081135008.255900,463,5378.000000,-3825.000000,,,,,,,,,
1761081135039.489700,464,5377.000000,-3825.000000,,,,,,,,,
1761081135070.723400,465,5377.000000,-3822.000000,,,,,,,,,
1761081135101.957300,466,5376.000000,-3823.000000,,,,,,,,,
1761081135133.191200,467,5375.000000,-3824.000000,,,,,,,,,
1761081135164.424800,468,5376.000000,-3825.000000,,,,,,,,,
1761081135195.658700,469,5378.000000,-3825.000000,,,,,,,,,
1761081135226.892600,470,5380.000000,-3826.000000,,,,,,,,,
1761081135258.126200,471,5379.000000,-3825.000000,,,,,,,,,
1761081135289.360100,472,5378.000000,-3823.000000,,,,,,,,,
1761081135320.594000,473,5377.000000,-3821.000000,,,,,,,,,
1761081135351.827900,474,5376.000000,-3820.000000,,,,,,,,,
1761081135383.061500,475,5375.000000,-3821.000000,,,,,,,,,
1761081135414.295400,476,5376.000000,-3824.000000,,,,,,,,,
1761081135445.529300,477,5375.000000,-3823.000000,,,,,,,,,
1761081135476.762900,478,5373.000000,-3823.000000,,,,,,,,,
1761081135507.996800,479,5373.000000,-3826.000000,,,,,,,,,
1761081135539.230700,480,5376.000000,-3828.000000,,,,,,,,,
1761081135570.464400,481,5377.000000,-3826.000000,,,,,,,,,
1761081135601.698200,482,5375.000000,-3824.000000,,,,,,,,,
1761081135632.932100,483,5373.000000,-3824.000000,,,,,,,,,
1761081135664.166000,484,5373.000000,-3826.000000,,,,,,,,,
1761081135695.399700,485,5374.000000,-3826.000000,,,,,,,,,
1761081135726.633500,486,5373.000000,-3825.000000,,,,,,,,,
1761081135757.867400,487,5374.000000,-3824.000000,,,,,,,,,
1761081135789.101100,488,5376.000000,-3824.000000,,,,,,,,,
1761081135820.335000,489,5376.000000,-3822.000000,,,,,,,,,
1761081135851.568800,490,5376.000000,-3823.000000,,,,,,,,,
1761081135882.802700,491,5376.000000,-3824.000000,,,,,,,,,
1761081135914.036400,492,5375.000000,-3824.000000,0.000000,15941,5,0,,,,,
1761081135945.270300,493,5375.000000,-3823.000000,,,,,,,,,
1761081135976.504200,494,5376.000000,-3823.000000,,,,,,,,,
1761081136007.737800,495,5376.000000,-3823.000000,,,,,,,,,
1761081136038.971700,496,5374.000000,-3824.000000,,,,,,,,,
1761081136070.205600,497,5375.000000,-3825.000000,,,,,,,,,
1761081136101.439200,498,5376.000000,-3826.000000,,,,,,,,,
1761081136132.673100,499,5373.000000,-3825.000000,,,,,,,,,
1761081136163.907000,500,5373.000000,-3824.000000,,,,,,,,,
1761081136195.140900,501,5375.000000,-3823.000000,,,,,,,,,
1761081136226.374500,502,5375.000000,-3825.000000,,,,,,,,,
1761081136257.608400,503,5376.000000,-3828.000000,,,,,,,,,
1761081136288.842300,504,5377.000000,-3830.000000,,,,,,,,,
1761081136320.075900,505,5376.000000,-3827.000000,,,,,,,,,
1761081136351.309800,506,5375.000000,-3823.000000,,,,,,,,,
1761081136382.543700,507,5375.000000,-3824.000000,,,,,,,,,
1761081136413.777300,508,5375.000000,-3825.000000,,,,,,,,,
1761081136445.011200,509,5375.000000,-3823.000000,,,,,,,,,
1761081136476.245100,510,5375.000000,-3821.000000,,,,,,,,,
1761081136507.479000,511,5374.000000,-3822.000000,,,,,,,,,
1761081136538.712600,512,5374.000000,-3824.000000,,,,,,,,,
1761081136569.946500,513,5377.000000,-3825.000000,,,,,,,,,
1761081136601.180400,514,5378.000000,-3826.000000,,,,,,,,,
1761081136632.414100,515,5378.000000,-3826.000000,,,,,,,,,
1761081136663.647900,516,5376.000000,-3825.000000,,,,,,,,,
1761081136694.881800,517,5374.000000,-3824.000000,,,,,,,,,
1761081136726.115500,518,5375.000000,-3823.000000,,,,,,,,,
1761081136757.349400,519,5376.000000,-3824.000000,,,,,,,,,
1761081136788.583300,520,5375.000000,-3824.000000,,,,,,,,,
1761081136819.817100,521,5375.000000,-3823.000000,,,,,,,,,
1761081136851.050800,522,5376.000000,-3824.000000,0.000000,16900,5,0,,,,,
1761081136882.284700,523,5375.000000,-3825.000000,,,,,,,,,
1761081136913.518600,524,5372.000000,-3824.000000,,,,,,,,,
1761081136944.752200,525,5373.000000,-3823.000000,,,,,,,,,
1761081136975.986100,526,5375.000000,-3824.000000,,,,,,,,,
1761081137007.220000,527,5377.000000,-3824.000000,,,,,,,,,
1761081137038.453600,528,5378.000000,-3824.000000,,,,,,,,,
1761081137069.687500,529,5379.000000,-3823.000000,,,,,,,,,
1761081137100.921400,530,5377.000000,-3820.000000,,,,,,,,,
1761081137132.155300,531,5373.000000,-3820.000000,,,,,,,,,
1761081137163.388900,532,5372.000000,-3823.000000,,,,,,,,,
1761081137194.622800,533,5373.000000,-3824.000000,,,,,,,,,
1761081137225.856700,534,5373.000000,-3823.000000,,,,,,,,,
1761081137257.090300,535,5373.000000,-3823.000000,,,,,,,,,
1761081137288.324200,536,5375.000000,-3824.000000,,,,,,,,,
1761081137319.558100,537,5378.000000,-3825.000000,,,,,,,,,
1761081137350.791700,538,5376.000000,-3824.000000,,,,,,,,,
1761081137382.025600,539,5374.000000,-3822.000000,,,,,,,,,
1761081137413.259500,540,5374.000000,-3823.000000,,,,,,,,,
1761081137444.493400,541,5374.000000,-3825.000000,,,,,,,,,
1761081137475.727100,542,5374.000000,-3824.000000,,,,,,,,,
1761081137506.960900,543,5374.000000,-3823.000000,,,,,,,,,
1761081137538.194800,544,5375.000000,-3825.000000,,,,,,,,,
1761081137569.428500,545,5376.000000,-3824.000000,,,,,,,,,
1761081137600.662400,546,5375.000000,-3821.000000,,,,,,,,,
1761081137631.896200,547,5375.000000,-3820.000000,,,,,,,,,
1761081137663.130100,548,5376.000000,-3821.000000,,,,,,,,,
1761081137694.363800,549,5378.000000,-3822.000000,,,,,,,,,
1761081137725.597700,550,5378.000000,-3823.000000,,,,,,,,,
1761081137756.831500,551,5376.000000,-3824.000000,,,,,,,,,
1761081137788.065200,552,5376.000000,-3824.000000,,,,,,,,,
1761081137819.299100,553,5377.000000,-3825.000000,,,,,,,,,
1761081137850.533000,554,5375.000000,-3827.000000,,,,,,,,,
1761081137881.766600,555,5374.000000,-3826.000000,0.000000,17956,5,0,,,,,
