frq,I,Q,I_offset,Q_offset,Z_real,Z_imag,Z_mag,Z_angle
131328,23.6,-1.15,-559.8217826086957,-4971.258978260869,74.5765414037381,-252.47073792612917,263.2548841649622,-73.54355138941392
131328,23.61,-1.01,-559.8117826086957,-4971.11897826087,74.57397769719287,-252.46482117552068,263.2484835298564,-73.54372171065052
131328,23.71,-1.06,-559.7117826086957,-4971.16897826087,74.58321926292494,-252.44549835912494,263.2325706241697,-73.54060112410963
131328,23.69,-1.11,-559.7317826086957,-4971.218978260869,74.5828142034827,-252.4510116681843,263.2377432413539,-73.54102568294982
131328,23.68,-1.11,-559.7417826086958,-4971.218978260869,74.5820103180515,-252.45308134530558,263.23950034867755,-73.5413211175357
131328,23.62,-1.02,-559.8017826086957,-4971.12897826087,74.5750221249081,-252.4630262893628,263.247058042657,-73.54339303579854
131328,23.68,-1.01,-559.7417826086958,-4971.11897826087,74.5796048952112,-252.45033343567187,263.23618352746973,-73.54165376846558
131328,23.59,-1.07,-559.8317826086957,-4971.178978260869,74.57381318003468,-252.47060927554344,263.25398792834045,-73.54411291610835
131328,23.57,-1.21,-559.8517826086957,-4971.31897826087,74.57557300114874,-252.4785957032732,263.26214573452546,-73.54423797862582
131328,23.55,-1.24,-559.8717826086958,-4971.348978260869,74.57468685713845,-252.48355943040588,263.2666551283842,-73.54472894921918
131328,23.57,-1.26,-559.8517826086957,-4971.36897826087,74.57677571256889,-252.47996965809006,263.2638041095526,-73.54407165223672
131328,23.6,-1.25,-559.8217826086957,-4971.35897826087,74.57894682657842,-252.47348583576292,263.2582009355507,-73.54321873820584
131328,23.62,-1.18,-559.8017826086957,-4971.28897826087,74.5788708014526,-252.46742294477679,263.25236488661704,-73.5428607852585
131328,23.64,-1.1,-559.7817826086957,-4971.20897826087,74.57855423404273,-252.46108526282728,263.2461971685908,-73.54253608175641
131328,23.55,-1.21,-559.8717826086958,-4971.31897826087,74.57396523028635,-252.48273505751575,263.2656601083621,-73.54482874620471
131328,23.62,-1.11,-559.8017826086957,-4971.218978260869,74.57718700546437,-252.46549940803317,263.25004313958925,-73.54309364222928
131328,23.67,-1.09,-559.7517826086957,-4971.19897826087,74.58072534805225,-252.45460144050008,263.2405940996247,-73.54168307799334
131328,23.65,-1.22,-559.7717826086957,-4971.32897826087,74.58224462688227,-252.4623130772665,263.2484202002128,-73.54184148633236
131328,23.58,-0.97,-559.8417826086957,-4971.07897826087,74.57060387176318,-252.46993104303098,263.2524283699435,-73.54474098115651
131328,23.57,-1.13,-559.8517826086957,-4971.23897826087,74.57364866287648,-252.47639737556625,263.2594923390968,-73.54450410520701
131328,23.7,-1.07,-559.7217826086957,-4971.178978260869,74.58265591977775,-252.44784282720954,263.23465940517684,-73.54086330258417
131328,23.66,-1.11,-559.7617826086957,-4971.218978260869,74.58040254718912,-252.4572206995481,263.24301458432114,-73.54191197487555
131328,23.65,-1.03,-559.7717826086957,-4971.138978260869,74.5776743234857,-252.4570920489624,263.2421182738776,-73.54247352130749
131328,23.69,-1.03,-559.7317826086957,-4971.138978260869,74.58088986521045,-252.44881334047733,263.23508977737333,-73.54129180182142
131328,23.75,-0.98,-559.6717826086957,-4971.088978260869,74.58451046637742,-252.4350213229329,263.22288880684135,-73.53968542677927
131328,23.56,-1.07,-559.8617826086958,-4971.178978260869,74.57140152374109,-252.47681830690726,263.2592594907045,-73.54499909152597
131328,23.64,-0.97,-559.7817826086957,-4971.07897826087,74.57542718435032,-252.45751298030342,263.24188534488275,-73.54296853849934
131328,23.62,-0.93,-559.8017826086957,-4971.03897826087,74.57285724435182,-252.4605531706925,263.2440729529129,-73.54369243615783
131328,23.62,-0.93,-559.8017826086957,-4971.03897826087,74.57285724435182,-252.4605531706925,263.2440729529129,-73.54369243615783
131328,23.64,-1.02,-559.7817826086957,-4971.12897826087,74.57662989577048,-252.4588869351203,263.24354373684184,-73.54280220730627
131328,23.62,-1.05,-559.8017826086957,-4971.15897826087,74.57574375176019,-252.46385066225292,263.2480530741691,-73.54329323718767
131328,23.62,-1.03,-559.8017826086957,-4971.138978260869,74.57526266719212,-252.46330108032618,263.247389719739,-73.54335976951108
131328,23.59,-1.08,-559.8317826086957,-4971.18897826087,74.57405372231872,-252.47088406650684,263.2543196035021,-73.54407964978961
131328,23.6,-1.09,-559.8217826086957,-4971.19897826087,74.57509815003392,-252.46908918034893,263.2528941068686,-73.54375098416226
131328,23.5,-1.23,-559.9217826086957,-4971.338978260869,74.57042688769846,-252.4936330250488,263.27510950411096,-73.54623906324079
131328,23.67,-1.19,-559.7517826086957,-4971.298978260869,74.58313077089255,-252.4573493501338,263.24391092005067,-73.54135043226765
131328,23.66,-1.2,-559.7617826086957,-4971.3089782608695,74.58256742774537,-252.45969381821845,263.2459997168101,-73.54161259350232
131328,23.65,-1.13,-559.7717826086957,-4971.23897826087,74.58007974632599,-252.45983995859615,263.2454350732189,-73.54214086754843
131328,23.72,-1.23,-559.7017826086957,-4971.338978260869,74.58811236718464,-252.448100128381,263.2364521963644,-73.53974019268773
131328,23.68,-1.24,-559.7417826086958,-4971.348978260869,74.58513736774391,-252.45665362782944,263.24381222951297,-73.540888683859
131328,23.59,-1.13,-559.8317826086957,-4971.23897826087,74.57525643373887,-252.4722580213237,263.25597798064103,-73.54391331945332
131328,23.6,-1.09,-559.8217826086957,-4971.19897826087,74.57509815003392,-252.46908918034893,263.2528941068686,-73.54375098416226
131328,23.55,-1.19,-559.8717826086958,-4971.298978260869,74.57348414571827,-252.48218547558898,263.2649967621245,-73.54489527794752
131328,23.54,-1.15,-559.8817826086957,-4971.258978260869,74.57171809115096,-252.48315598885677,263.2654272728561,-73.54532372121427
131328,23.7,-1.12,-559.7217826086957,-4971.22897826087,74.5838586311979,-252.4492167820264,263.236317825214,-73.5406969800884
131328,23.65,-1.07,-559.7717826086957,-4971.178978260869,74.5786364926218,-252.45819121281588,263.2434449925493,-73.54234045879794
131328,23.64,-1.07,-559.7817826086957,-4971.178978260869,74.57783260719062,-252.46026088993713,263.2452021310194,-73.54263587820891
131328,23.66,-1.05,-559.7617826086957,-4971.15897826087,74.57895929348493,-252.4555719537679,263.24102449998816,-73.54211156622988
131328,23.74,-0.99,-559.6817826086957,-4971.098978260869,74.58394712323027,-252.43736579101753,263.22497756859775,-73.53994762216351
131328,23.61,-1.11,-559.8117826086957,-4971.218978260869,74.57638312003317,-252.46756908515442,263.2518002959015,-73.54338904920851
131328,23.7,-0.97,-559.7217826086957,-4971.07897826087,74.58025049693745,-252.44509491757583,263.23134257175724,-73.541195953863
131328,23.6,-1.05,-559.8217826086957,-4971.15897826087,74.57413598089781,-252.46799001649546,263.25156740324775,-73.54388404900432
131328,23.59,-1.03,-559.8317826086957,-4971.138978260869,74.57285101089855,-252.46951011168997,263.2526612285817,-73.54424598222153
131328,23.64,-1.01,-559.7817826086957,-4971.11897826087,74.57638935348645,-252.45861214415692,263.24321205827255,-73.54283547337722
131328,23.6,-1.01,-559.8217826086957,-4971.11897826087,74.57317381176169,-252.46689085264197,263.2502407010467,-73.54401711518757
131328,23.57,-1.06,-559.8517826086957,-4971.16897826087,74.5719648668883,-252.47447383882263,263.2571706227558,-73.54473697036623
131328,23.57,-1.05,-559.8517826086957,-4971.15897826087,74.57172432460425,-252.47419904785926,263.25683894934775,-73.54477023715286
131328,23.59,-1.23,-559.8317826086957,-4971.338978260869,74.57766185657917,-252.47500593095742,263.2592947415746,-73.54358066506745
131328,23.62,-1.13,-559.8017826086957,-4971.23897826087,74.57766809003243,-252.46604898995992,263.2507064954392,-73.54302711124708
131328,23.64,-1.13,-559.7817826086957,-4971.23897826087,74.57927586089481,-252.4619096357174,263.24719220696085,-73.54243628605835
131328,23.59,-1.26,-559.8317826086957,-4971.36897826087,74.57838348343128,-252.47583030384754,263.2602897715851,-73.5434808703862
131328,23.55,-1.17,-559.8717826086958,-4971.27897826087,74.57300306115022,-252.48163589366226,263.26433341624187,-73.54496181002558
131328,23.57,-1.22,-559.8517826086957,-4971.32897826087,74.57581354343276,-252.47887049423656,263.26247740935344,-73.54420471318036
131328,23.63,-1.11,-559.7917826086957,-4971.218978260869,74.57799089089556,-252.4634297309119,263.24828599027495,-73.54279823130642
131328,23.63,-1.15,-559.7917826086957,-4971.258978260869,74.57895306003167,-252.4645288947654,263.249612705482,-73.54266517027796
131328,23.57,-1.11,-559.8517826086957,-4971.218978260869,74.57316757830841,-252.47584779363945,263.258828991127,-73.54457063769054
131328,23.47,-1.12,-559.9517826086957,-4971.22897826087,74.56536926628054,-252.4968193558155,263.2767328850388,-73.54749106508908
131328,23.62,-1.08,-559.8017826086957,-4971.18897826087,74.57646537861228,-252.46467503514305,263.24904810647985,-73.54319343933126
131328,23.64,-0.99,-559.7817826086957,-4971.098978260869,74.57590826891837,-252.45806256223017,263.2425487014002,-73.54290200577063
131328,23.63,-1.09,-559.7917826086957,-4971.19897826087,74.5775098063275,-252.46288014898516,263.2476226332039,-73.5428647623236
131328,23.59,-1.01,-559.8317826086957,-4971.11897826087,74.57236992633051,-252.46896052976322,263.25199787923475,-73.54431251578106
131328,23.55,-1.09,-559.8717826086958,-4971.19897826087,74.57107872287797,-252.47943756595527,263.2616800362612,-73.5452279416907
131328,23.6,-0.99,-559.8217826086957,-4971.098978260869,74.57269272719361,-252.46634127071522,263.2495773504787,-73.54408364878218
131328,23.55,-0.97,-559.8717826086958,-4971.07897826087,74.56819221546961,-252.4761400743948,263.25769997694016,-73.5456271492472
131328,23.53,-1.11,-559.8917826086957,-4971.218978260869,74.56995203658366,-252.48412650212452,263.2658577983085,-73.54575216307975
131328,23.55,-1.15,-559.8717826086958,-4971.258978260869,74.57252197658215,-252.4810863117355,263.26367007071417,-73.54502834243894
131328,23.6,-1.11,-559.8217826086957,-4971.218978260869,74.57557923460199,-252.46963876227568,263.2535574592115,-73.54368445224418
131328,23.62,-1.07,-559.8017826086957,-4971.178978260869,74.57622483632824,-252.46440024417967,263.24871642895414,-73.54322670519959
131328,23.67,-1.2,-559.7517826086957,-4971.3089782608695,74.58337131317657,-252.4576241410972,263.24424260258127,-73.54131716815611
131328,23.56,-1.09,-559.8617826086958,-4971.19897826087,74.57188260830915,-252.477367888834,263.2599228363882,-73.54493255807165
131328,23.7,-1.21,-559.7217826086957,-4971.31897826087,74.58602351175419,-252.45168990069678,263.2393029868707,-73.54039760487707
131328,23.68,-1.07,-559.7417826086958,-4971.178978260869,74.58104814891537,-252.45198218145208,263.2381736191296,-73.54145417690172
131328,23.63,-1.17,-559.7917826086957,-4971.27897826087,74.57943414459973,-252.46507847669216,263.2502760636179,-73.54259864026668
131328,24.35,-1.12,-559.0717826086957,-4971.22897826087,74.63611118422521,-252.31468776914429,263.1221213747426,-73.52148502238535
131328,23.98,-1.17,-559.4417826086957,-4971.27897826087,74.60757013469137,-252.3926397774479,263.1887804129034,-73.53225680456306
131328,23.93,-1.11,-559.4917826086958,-4971.218978260869,74.60210745383124,-252.401339417274,263.19557476558555,-73.53393406952522
131328,23.9,-1.03,-559.5217826086957,-4971.138978260869,74.59777145926543,-252.4053501209308,263.19819200814896,-73.53508673909144
131328,23.84,-1.16,-559.5817826086957,-4971.2689782608695,74.59607519637069,-252.42134046618222,263.2130459484234,-73.53642738053975
131328,23.96,-1.14,-559.4617826086957,-4971.24897826087,74.60524073697692,-252.39595475880034,263.19129910395725,-73.53294767705245
131328,23.94,-1.17,-559.4817826086957,-4971.27897826087,74.60435459296662,-252.40091848593295,263.19580805319765,-73.5334389732347
131328,23.82,-1.17,-559.6017826086957,-4971.27897826087,74.59470796779235,-252.42575461138813,263.21689164627895,-73.53698510048925
131328,23.88,-1.19,-559.5417826086957,-4971.298978260869,74.60001236494753,-252.41388613058726,263.2070131216024,-73.53514558571345
131328,23.92,-1.04,-559.5017826086957,-4971.14897826087,74.59961977241181,-252.40148555765165,263.1950097967244,-73.5344624283047
131328,23.87,-1.08,-559.5517826086957,-4971.18897826087,74.59656251439202,-252.41293310711146,263.2051214142664,-73.53580697174077
131328,23.96,-1.08,-559.4617826086957,-4971.18897826087,74.60379748327273,-252.3943060130201,263.1893088761761,-73.53314723984037
131328,23.88,-1.12,-559.5417826086957,-4971.22897826087,74.59832856895932,-252.41196259384367,263.2046912305294,-73.53537841474854
131328,23.92,-1.09,-559.5017826086957,-4971.19897826087,74.60082248383199,-252.40285951246852,263.19666830211804,-73.53429612108644
131328,23.84,-1.15,-559.5817826086957,-4971.258978260869,74.59583465408664,-252.42106567521884,263.21271425285096,-73.53646064243195
131328,23.82,-1.13,-559.6017826086957,-4971.23897826087,74.59374579865622,-252.42465544753463,263.215564870471,-73.53711814942835
131328,23.95,-1.18,-559.4717826086957,-4971.28897826087,74.60539902068186,-252.39912359977507,263.1943828370387,-73.53311017691516
131328,23.84,-1.13,-559.5817826086957,-4971.23897826087,74.59535356951861,-252.42051609329212,263.2120508619722,-73.53652716646782
131328,23.86,-1.03,-559.5617826086957,-4971.138978260869,74.59455591754067,-252.41362882941587,263.2052199166445,-73.53626878992958
131328,23.91,-1.14,-559.5117826086957,-4971.24897826087,74.60122130982097,-252.40630314440665,263.2000837536778,-73.53442534082814
131328,23.88,-1.08,-559.5417826086957,-4971.18897826087,74.59736639982322,-252.4108634299902,263.2033644375821,-73.53551146175579
131328,23.99,-1.02,-559.4317826086957,-4971.12897826087,74.60476588586211,-252.38644823587606,263.1820479174156,-73.53246015461603
131328,24.04,-1.08,-559.3817826086957,-4971.18897826087,74.61022856672224,-252.37774859605,263.1752537629432,-73.53078276539411
131328,23.86,-1.09,-559.5617826086957,-4971.19897826087,74.59599917124484,-252.41527757519606,263.2072100944798,-73.5360692156022
131328,23.92,-1.1,-559.5017826086957,-4971.20897826087,74.60106302611604,-252.4031343034319,263.19700000346285,-73.5342628598943
131328,23.84,-1.21,-559.5817826086957,-4971.31897826087,74.59727790779084,-252.42271442099909,263.21470442761637,-73.5362610723363
131328,23.92,-1.18,-559.5017826086957,-4971.28897826087,74.60298736438827,-252.4053326311389,263.19965361741447,-73.53399677337528
131328,23.79,-1.21,-559.6317826086957,-4971.31897826087,74.59325848063489,-252.43306280660542,263.2234894698465,-73.5377384941383
131328,23.88,-1.05,-559.5417826086957,-4971.15897826087,74.5966447729711,-252.41003905710008,263.20236934380284,-73.53561124789151
131328,23.92,-1.11,-559.5017826086957,-4971.218978260869,74.60130356840006,-252.40340909439527,263.1973317048963,-73.534229598786
131328,23.89,-1.13,-559.5317826086957,-4971.23897826087,74.59937299667455,-252.41016770768582,263.2032659632457,-73.53504964002799
131328,23.92,-1.19,-559.5017826086957,-4971.298978260869,74.60322790667229,-252.4056074221022,263.19998531955747,-73.53396351293765
131328,23.9,-1.15,-559.5217826086957,-4971.258978260869,74.6006579666738,-252.40864761249128,263.2021724048406,-73.53468760067295
131328,23.86,-1.0,-559.5617826086957,-4971.10897826087,74.59383429068859,-252.41280445652575,263.20422482892445,-73.53636857822505
131328,23.91,-1.19,-559.5117826086957,-4971.298978260869,74.60242402124109,-252.40767709922346,263.2017422595658,-73.53425903704961
131328,24.06,-1.07,-559.3617826086958,-4971.178978260869,74.61159579530056,-252.37333445084406,263.17140834246965,-73.53022486657395
131328,24.05,-1.05,-559.3717826086958,-4971.15897826087,74.61031082530133,-252.37485454603862,263.1725017713329,-73.53058696679321
131328,23.89,-1.21,-559.5317826086957,-4971.31897826087,74.60129733494679,-252.41236603539278,263.2059195604123,-73.53478355191127
131328,23.91,-1.09,-559.5117826086957,-4971.19897826087,74.6000185984008,-252.40492918958978,263.19842525000706,-73.53459164670254
131328,23.92,-1.11,-559.5017826086957,-4971.218978260869,74.60130356840006,-252.40340909439527,263.1973317048963,-73.534229598786
131328,23.95,-1.06,-559.4717826086957,-4971.16897826087,74.6025125132735,-252.3958261082146,263.1904023898691,-73.53350930329032
131328,23.92,-1.05,-559.5017826086957,-4971.15897826087,74.59986031469586,-252.40176034861503,263.19534149762575,-73.53442916669339
131328,23.96,-1.09,-559.4617826086957,-4971.19897826087,74.60403802555675,-252.39458080398344,263.18964058058447,-73.53311397916612
131328,23.88,-1.01,-559.5417826086957,-4971.11897826087,74.595682603835,-252.40893989324658,263.20104255333916,-73.53574429724618
131328,23.86,-1.21,-559.5617826086957,-4971.31897826087,74.59888567865323,-252.41857506675655,263.21119045973063,-73.5356700760015
131328,23.87,-1.21,-559.5517826086957,-4971.31897826087,74.59968956408441,-252.4165053896353,263.20943348628964,-73.53537457191655
131328,23.86,-1.16,-559.5617826086957,-4971.2689782608695,74.59768296723308,-252.41720111193968,263.20953197265715,-73.53583638270138
131328,23.93,-1.24,-559.4917826086958,-4971.348978260869,74.60523450352365,-252.40491169979785,263.19988690253746,-73.53350168470175
131328,23.89,-1.17,-559.5317826086957,-4971.27897826087,74.60033516581066,-252.41126687153928,263.2045927611194,-73.53491659529897
131328,23.92,-1.13,-559.5017826086957,-4971.23897826087,74.60178465296812,-252.40395867632202,263.1979951080295,-73.53416307682089
131328,23.91,-1.22,-559.5117826086957,-4971.32897826087,74.6031456480932,-252.40850147211364,263.20273736416306,-73.53415925578851
131328,23.94,-1.14,-559.4817826086957,-4971.24897826087,74.60363296611455,-252.40009411304285,263.19481294283827,-73.5335387543995
131328,23.91,-1.13,-559.5117826086957,-4971.23897826087,74.60098076753692,-252.40602835344328,263.1997520527662,-73.53445860183534
131328,23.96,-1.13,-559.4617826086957,-4971.23897826087,74.60500019469288,-252.39567996783697,263.19096739910526,-73.53298093730753
131328,23.93,-1.1,-559.4917826086958,-4971.20897826087,74.60186691154722,-252.40106462631064,263.195243063364,-73.5339673304831
131328,23.92,-1.16,-559.5017826086957,-4971.2689782608695,74.6025062798202,-252.40478304921214,263.1989902133944,-73.53406329450202
131328,23.96,-1.11,-559.4617826086957,-4971.218978260869,74.60451911012481,-252.3951303859102,263.1903039896675,-73.53304745806915
131328,23.97,-1.13,-559.4517826086957,-4971.23897826087,74.60580408012407,-252.39361029071569,263.1892104893806,-73.53268539256494
131328,23.92,-1.13,-559.5017826086957,-4971.23897826087,74.60178465296812,-252.40395867632202,263.1979951080295,-73.53416307682089
131328,23.88,-1.1,-559.5417826086957,-4971.20897826087,74.59784748439128,-252.41141301191695,263.20402783387834,-73.5354449380845
131328,23.89,-1.21,-559.5317826086957,-4971.31897826087,74.60129733494679,-252.41236603539278,263.2059195604123,-73.53478355191127
131328,23.82,-1.23,-559.6017826086957,-4971.338978260869,74.59615122149651,-252.42740335716837,263.21888181265217,-73.53678552959549
131328,23.83,-1.26,-559.5917826086957,-4971.36897826087,74.59767673377982,-252.42615805293724,263.2181198995312,-73.53639025772685
131328,23.88,-1.17,-559.5417826086957,-4971.27897826087,74.59953128037947,-252.41333654866054,263.20634972370954,-73.53521210787574
131328,23.95,-1.03,-559.4717826086957,-4971.138978260869,74.60179088642138,-252.39500173532448,263.1894072800723,-73.53360908677047
131328,23.9,-1.1,-559.5217826086957,-4971.20897826087,74.59945525525364,-252.4072736576744,263.2005139046668,-73.53485390688019
131328,23.9,-1.03,-559.5217826086957,-4971.138978260869,74.59777145926543,-252.4053501209308,263.19819200814896,-73.53508673909144
131328,23.8,-1.28,-559.6217826086958,-4971.388978260869,74.59574616205428,-252.43291666622775,263.22405429992966,-73.53721018549405
131328,23.89,-1.17,-559.5317826086957,-4971.27897826087,74.60033516581066,-252.41126687153928,263.2045927611194,-73.53491659529897
131328,23.9,-1.03,-559.5217826086957,-4971.138978260869,74.59777145926543,-252.4053501209308,263.19819200814896,-73.53508673909144
131328,24.0,-1.13,-559.4217826086957,-4971.23897826087,74.60821573641763,-252.38740125935192,263.18393980222453,-73.53179873466213
131328,23.9,-1.09,-559.5217826086957,-4971.19897826087,74.5992147129696,-252.40699886671104,263.20018220489817,-73.53488716837315
131328,23.87,-1.21,-559.5517826086957,-4971.31897826087,74.59968956408441,-252.4165053896353,263.20943348628964,-73.53537457191655
131328,23.96,-0.99,-559.4617826086957,-4971.098978260869,74.60163260271644,-252.39183289434973,263.18632354049106,-73.53344658968139
131328,23.86,-1.21,-559.5617826086957,-4971.31897826087,74.59888567865323,-252.41857506675655,263.21119045973063,-73.5356700760015
131328,23.85,-1.14,-559.5717826086957,-4971.24897826087,74.59639799723384,-252.41872120713424,263.2106255644074,-73.53619840716057
131328,23.9,-1.14,-559.5217826086957,-4971.24897826087,74.60041742438978,-252.4083728215279,263.20184070462847,-73.53472086174673
131328,23.9,-1.15,-559.5217826086957,-4971.258978260869,74.6006579666738,-252.40864761249128,263.2021724048406,-73.53468760067295
131328,23.96,-1.19,-559.4617826086957,-4971.298978260869,74.60644344839704,-252.39732871361716,263.1929576295471,-73.53278137703472
131328,24.03,-1.13,-559.3917826086957,-4971.23897826087,74.6106273927112,-252.38119222798812,263.17866917809783,-73.53091204124527
131328,24.07,-1.16,-559.3517826086957,-4971.2689782608695,74.61456456128806,-252.37373789239314,263.17263691814344,-73.52962995256193
131328,23.91,-1.15,-559.5117826086957,-4971.258978260869,74.60146185210498,-252.40657793537002,263.200415454678,-73.53439207990476
131328,23.92,-1.17,-559.5017826086957,-4971.27897826087,74.60274682210422,-252.40505784017552,263.1993219153601,-73.53403003389674
131328,23.86,-1.11,-559.5617826086957,-4971.218978260869,74.5964802558129,-252.4158271571228,263.20787348780124,-73.53600269149707
131328,23.86,-1.19,-559.5617826086957,-4971.298978260869,74.59840459408514,-252.4180254848298,263.2105270646351,-73.53573659842995
131328,23.88,-1.25,-559.5417826086957,-4971.35897826087,74.60145561865173,-252.41553487636753,263.20900331741007,-73.53494602123857
131328,23.89,-1.24,-559.5317826086957,-4971.348978260869,74.60201896179889,-252.4131904082829,263.20691466081337,-73.53468377025074
131328,23.99,-1.2,-559.4317826086957,-4971.3089782608695,74.60909564697464,-252.39139447321676,263.18801864331573,-73.53186147437728
131328,23.83,-1.15,-559.5917826086957,-4971.258978260869,74.59503076865546,-252.42313535234013,263.2144712520238,-73.536756135584
131328,23.94,-1.17,-559.4817826086957,-4971.27897826087,74.60435459296662,-252.40091848593295,263.19580805319765,-73.5334389732347
131328,23.88,-1.19,-559.5417826086957,-4971.298978260869,74.60001236494753,-252.41388613058726,263.2070131216024,-73.53514558571345
131328,23.82,-1.24,-559.6017826086957,-4971.348978260869,74.59639176378056,-252.42767814813175,263.2192135073582,-73.53675226807327
131328,23.93,-1.07,-559.4917826086958,-4971.178978260869,74.60114528469511,-252.4002402534205,263.19424795723137,-73.53406711385978
131328,23.92,-1.19,-559.5017826086957,-4971.298978260869,74.60322790667229,-252.4056074221022,263.19998531955747,-73.53396351293765
131328,23.88,-1.21,-559.5417826086957,-4971.31897826087,74.6004934495156,-252.41443571251403,263.2076765198502,-73.5350790638865
131328,23.94,-1.15,-559.4817826086957,-4971.258978260869,74.60387350839855,-252.4003689040062,263.19514464620266,-73.53350549392741
131328,24.0,-1.19,-559.4217826086957,-4971.298978260869,74.6096589901218,-252.3890500051321,263.1859300515803,-73.53159917800062
131328,24.04,-1.09,-559.3817826086957,-4971.19897826087,74.61046910900626,-252.37802338701334,263.1755854736564,-73.53074950592374
131328,23.9,-1.21,-559.5217826086957,-4971.31897826087,74.60210122037799,-252.41029635827152,263.2041626079762,-73.5344880359908
131328,23.88,-1.24,-559.5417826086957,-4971.348978260869,74.60121507636771,-252.41526008540416,263.20867161788703,-73.53497928177481
131328,23.88,-1.22,-559.5417826086957,-4971.32897826087,74.60073399179964,-252.4147105034774,263.2080082191071,-73.53504580309877
131328,23.87,-1.17,-559.5517826086957,-4971.27897826087,74.59872739494828,-252.4154062257818,263.20810669330126,-73.5355076165073
131328,23.93,-1.18,-559.4917826086958,-4971.28897826087,74.60379124981947,-252.4032629540176,263.1978966836202,-73.53370124516745
131328,23.9,-1.22,-559.5217826086957,-4971.32897826087,74.60234176266201,-252.4105711492349,263.2044943088092,-73.53445477550387
131328,23.91,-1.21,-559.5117826086957,-4971.31897826087,74.60290510580917,-252.40822668115027,263.20240566254193,-73.53419251612503
131328,23.88,-1.14,-559.5417826086957,-4971.24897826087,74.59880965352741,-252.41251217577044,263.2053546275354,-73.53531189174792
131328,23.92,-1.12,-559.5017826086957,-4971.22897826087,74.60154411068407,-252.40368388535865,263.19766340641854,-73.53419633776153
131328,23.83,-1.17,-559.5917826086957,-4971.27897826087,74.59551185322353,-252.42368493426687,263.21513464168135,-73.53668961158277
131328,23.94,-1.15,-559.4817826086957,-4971.258978260869,74.60387350839855,-252.4003689040062,263.19514464620266,-73.53350549392741
131328,23.87,-1.17,-559.5517826086957,-4971.27897826087,74.59872739494828,-252.4154062257818,263.20810669330126,-73.5355076165073
131328,23.88,-1.15,-559.5417826086957,-4971.258978260869,74.5990501958114,-252.4127869667338,263.20568632617136,-73.53527863037337
131328,23.84,-1.15,-559.5817826086957,-4971.258978260869,74.59583465408664,-252.42106567521884,263.21271425285096,-73.53646064243195
131328,23.94,-1.07,-559.4817826086957,-4971.178978260869,74.6019491701263,-252.3981705762992,263.1924910217705,-73.53377158005169
131328,23.94,-1.21,-559.4817826086957,-4971.31897826087,74.60531676210275,-252.40201764978644,263.1971348682519,-73.5333059328553
131328,23.85,-1.15,-559.5717826086957,-4971.258978260869,74.59663853951784,-252.41899599809759,263.2109572606792,-73.53616514533492
131328,23.84,-1.09,-559.5817826086957,-4971.19897826087,74.59439140038248,-252.4194169294386,263.210724081279,-73.53666021554554
131328,23.94,-1.12,-559.4817826086957,-4971.22897826087,74.60315188154645,-252.39954453111608,263.1941495363754,-73.53360527559524
131328,24.04,-1.13,-559.3817826086957,-4971.23897826087,74.61143127814239,-252.37912255086687,263.1769123173962,-73.53061646888067
131328,23.94,-1.24,-559.4817826086957,-4971.348978260869,74.60603838895484,-252.40284202267657,263.1981299804739,-73.53320615345102
131328,23.9,-1.22,-559.5217826086957,-4971.32897826087,74.60234176266201,-252.4105711492349,263.2044943088092,-73.53445477550387
131328,23.91,-1.14,-559.5117826086957,-4971.24897826087,74.60122130982097,-252.40630314440665,263.2000837536778,-73.53442534082814
131328,23.92,-1.03,-559.5017826086957,-4971.138978260869,74.5993792301278,-252.40121076668828,263.1946780959118,-73.53449568999987
131328,23.77,-1.28,-559.6517826086957,-4971.388978260869,74.59333450576072,-252.43912569759152,263.2293253717236,-73.53809659991674
131328,24.0,-1.04,-559.4217826086957,-4971.14897826087,74.60605085586134,-252.3849281406815,263.18095443417695,-73.53209807531354
131328,23.9,-1.08,-559.5217826086957,-4971.18897826087,74.59897417068558,-252.40672407574766,263.19985050521825,-73.53492042994993
131328,23.93,-1.05,-559.4917826086958,-4971.15897826087,74.60066420012706,-252.39969067149377,263.19358455358645,-73.53413363653009
131328,24.02,-1.17,-559.4017826086957,-4971.27897826087,74.61078567641613,-252.38436106896285,263.1817528846571,-73.53107457275793
131328,24.02,-1.14,-559.4017826086957,-4971.24897826087,74.61006404956404,-252.38353669607278,263.1807577553837,-73.53117435031147
131328,24.0,-1.14,-559.4217826086957,-4971.24897826087,74.60845627870168,-252.3876760503153,263.1842715102288,-73.53176547500895
131328,23.91,-1.15,-559.5117826086957,-4971.258978260869,74.60146185210498,-252.40657793537002,263.200415454678,-73.53439207990476
131328,23.93,-1.19,-559.4917826086958,-4971.298978260869,74.60403179210347,-252.40353774498095,263.19822838655125,-73.53366798488025
131328,23.86,-1.19,-559.5617826086957,-4971.298978260869,74.59840459408514,-252.4180254848298,263.2105270646351,-73.53573659842995
131328,23.94,-1.03,-559.4817826086957,-4971.138978260869,74.60098700099019,-252.39707141244574,263.1911642116831,-73.53390462512596
131328,24.0,-1.3,-559.4217826086957,-4971.40897826087,74.61230495524616,-252.39207270572922,263.1895788503579,-73.53123333195987
131328,23.98,-1.06,-559.4417826086957,-4971.16897826087,74.60492416956706,-252.3896170768508,263.1851316441456,-73.53262266590302
131328,24.08,-1.39,-559.3417826086957,-4971.49897826087,74.62090091925195,-252.37798840742948,263.17850954548214,-73.52856944753265
131328,23.98,-1.17,-559.4417826086957,-4971.27897826087,74.60757013469137,-252.3926397774479,263.1887804129034,-73.53225680456306
131328,23.89,-1.11,-559.5317826086957,-4971.218978260869,74.59889191210648,-252.40961812575904,263.202602564841,-73.5351161628955
131328,23.91,-1.25,-559.5117826086957,-4971.35897826087,74.60386727494529,-252.40932584500376,263.20373246955853,-73.5340594752819
131328,23.76,-1.25,-559.6617826086957,-4971.35897826087,74.59180899347744,-252.4403710018227,263.2300873389235,-73.53849185001981
131328,23.86,-1.1,-559.5617826086957,-4971.20897826087,74.59623971352889,-252.4155523661595,263.2075417910962,-73.5360359535077
131328,23.77,-1.21,-559.6517826086957,-4971.31897826087,74.59165070977252,-252.43720216084793,263.22700353574197,-73.53832943524641
131328,24.0,-1.06,-559.4217826086957,-4971.16897826087,74.60653194042943,-252.3854777226083,263.1816178486779,-73.53203155458189
131328,23.98,-1.16,-559.4417826086957,-4971.2689782608695,74.60732959240735,-252.39236498648452,263.1884487062092,-73.53229006426568
131328,24.03,-1.15,-559.3917826086957,-4971.258978260869,74.61110847727926,-252.38174180991484,263.1793325989236,-73.53084552292573
131328,23.95,-1.24,-559.4717826086957,-4971.348978260869,74.60684227438603,-252.4007723455553,263.1963730654128,-73.53291061825473
131328,23.88,-1.13,-559.5417826086957,-4971.23897826087,74.59856911124336,-252.41223738480707,263.20502292898806,-73.53534515320631
131328,23.9,-1.1,-559.5217826086957,-4971.20897826087,74.59945525525364,-252.4072736576744,263.2005139046668,-73.53485390688019
131328,23.86,-1.17,-559.5617826086957,-4971.27897826087,74.5979235095171,-252.41747590290305,263.20986366989445,-73.53580312119374
131328,23.96,-1.12,-559.4617826086957,-4971.22897826087,74.60475965240883,-252.39540517687357,263.190635694342,-73.53301419764641
131328,23.94,-1.32,-559.4817826086957,-4971.428978260869,74.60796272722706,-252.40504035038353,263.20078361696807,-73.5329400787282
131328,23.87,-1.03,-559.5517826086957,-4971.138978260869,74.59535980297186,-252.4115591522946,263.2034629290184,-73.535973283138
131328,23.92,-1.14,-559.5017826086957,-4971.24897826087,74.60202519525217,-252.4042334672854,263.19832680972905,-73.53412981596409
131328,23.94,-1.03,-559.4817826086957,-4971.138978260869,74.60098700099019,-252.39707141244574,263.1911642116831,-73.53390462512596
131328,23.92,-1.18,-559.5017826086957,-4971.28897826087,74.60298736438827,-252.4053326311389,263.19965361741447,-73.53399677337528
131328,23.96,-1.19,-559.4617826086957,-4971.298978260869,74.60644344839704,-252.39732871361716,263.1929576295471,-73.53278137703472
131328,23.82,-1.14,-559.6017826086957,-4971.24897826087,74.59398634094026,-252.424930238498,263.2158965642899,-73.53708488706783
131328,23.89,-0.98,-559.5317826086957,-4971.088978260869,74.59576486241407,-252.4060458432352,263.1982904838592,-73.5355485697084
131328,23.91,-0.99,-559.5117826086957,-4971.098978260869,74.59761317556048,-252.40218127995604,263.19510824931825,-73.5349242647391
131328,23.86,-1.11,-559.5617826086957,-4971.218978260869,74.5964802558129,-252.4158271571228,263.20787348780124,-73.53600269149707
131328,23.95,-1.13,-559.4717826086957,-4971.23897826087,74.60419630926168,-252.39774964495822,263.1927243158326,-73.53327647810434
131328,23.84,-1.09,-559.5817826086957,-4971.19897826087,74.59439140038248,-252.4194169294386,263.210724081279,-73.53666021554554
131328,23.94,-1.01,-559.4817826086957,-4971.11897826087,74.60050591642214,-252.396521830519,263.1905008071716,-73.53397114816612
131328,23.88,-1.03,-559.5417826086957,-4971.138978260869,74.59616368840304,-252.40948947517333,263.2017059483936,-73.53567777240117
131328,23.92,-1.05,-559.5017826086957,-4971.15897826087,74.59986031469586,-252.40176034861503,263.19534149762575,-73.53442916669339
131328,23.75,-1.09,-559.6717826086957,-4971.19897826087,74.58715643150177,-252.43804402352998,263.22653736841005,-73.5393195200191
131328,23.98,-1.14,-559.4417826086957,-4971.24897826087,74.6068485078393,-252.3918154045578,263.187785293087,-73.53235658392244
131328,23.83,-1.07,-559.5917826086957,-4971.178978260869,74.59310643038322,-252.42093702463313,263.2118176969421,-73.53702223494219
131328,23.84,-1.15,-559.5817826086957,-4971.258978260869,74.59583465408664,-252.42106567521884,263.21271425285096,-73.53646064243195
131328,23.8,-1.18,-559.6217826086958,-4971.28897826087,74.593340739214,-252.43016875659401,263.220737369074,-73.5375428041419
131328,23.9,-1.12,-559.5217826086957,-4971.22897826087,74.59993633982168,-252.40782323960116,263.20117730447026,-73.5347873841458
131328,23.88,-1.09,-559.5417826086957,-4971.19897826087,74.59760694210723,-252.41113822095355,263.20369613568585,-73.53547819987823
131328,23.9,-1.17,-559.5217826086957,-4971.27897826087,74.60113905124186,-252.40919719441803,263.20283580553104,-73.53462107877691
131328,24.0,-1.19,-559.4217826086957,-4971.298978260869,74.6096589901218,-252.3890500051321,263.1859300515803,-73.53159917800062
131328,23.9,-1.15,-559.5217826086957,-4971.258978260869,74.6006579666738,-252.40864761249128,263.2021724048406,-73.53468760067295
131328,23.86,-1.17,-559.5617826086957,-4971.27897826087,74.5979235095171,-252.41747590290305,263.20986366989445,-73.53580312119374
131328,23.9,-0.99,-559.5217826086957,-4971.098978260869,74.5968092901293,-252.4042509570773,263.1968652120902,-73.53521978791372
131328,23.83,-1.15,-559.5917826086957,-4971.258978260869,74.59503076865546,-252.42313535234013,263.2144712520238,-73.536756135584
131328,23.91,-0.94,-559.5117826086957,-4971.048978260869,74.59641046414032,-252.40080732513917,263.1934497523001,-73.53509057690134
131328,23.98,-1.05,-559.4417826086957,-4971.15897826087,74.60468362728301,-252.38934228588744,263.184799938427,-73.53265592652788
131328,23.98,-0.98,-559.4417826086957,-4971.088978260869,74.60299983129478,-252.38741874914382,263.1824780008803,-73.53288875324937
131328,23.86,-1.01,-559.5617826086957,-4971.11897826087,74.59407483297261,-252.41307924748912,263.20455652474243,-73.53633531537606
131328,23.9,-1.05,-559.5217826086957,-4971.15897826087,74.5982525438335,-252.40589970285754,263.19885540671055,-73.53502021518332
131328,23.94,-1.13,-559.4817826086957,-4971.23897826087,74.6033924238305,-252.39981932207948,263.1944812395625,-73.53357201495545
131328,23.86,-1.0,-559.5617826086957,-4971.10897826087,74.59383429068859,-252.41280445652575,263.20422482892445,-73.53636857822505
131328,23.98,-1.07,-559.4417826086957,-4971.178978260869,74.60516471185106,-252.38989186781416,263.18546334995284,-73.53258940536202
131328,23.92,-1.01,-559.5017826086957,-4971.11897826087,74.59889814555976,-252.40066118476153,263.19401469455266,-73.53456221364172
131328,23.95,-1.11,-559.4717826086957,-4971.218978260869,74.60371522469362,-252.39720006303145,263.192060907971,-73.53334299916685
131328,23.92,-1.06,-559.5017826086957,-4971.16897826087,74.6001008569799,-252.4020351395784,263.19567319861574,-73.53439590516588
131328,23.92,-0.93,-559.5017826086957,-4971.03897826087,74.5969738072875,-252.3984628570546,263.1913610926641,-73.5348283115627
131328,23.88,-0.99,-559.5417826086957,-4971.098978260869,74.59520151926691,-252.40839031131983,263.2003791586395,-73.53581082242654
131328,23.84,-0.95,-559.5817826086957,-4971.0589782608695,74.59102380840605,-252.4155698559514,263.20608036003057,-73.53712589788077
131328,23.96,-1.09,-559.4617826086957,-4971.19897826087,74.60403802555675,-252.39458080398344,263.18964058058447,-73.53311397916612
131328,23.96,-0.97,-559.4617826086957,-4971.07897826087,74.60115151814838,-252.39128331242298,263.1856601335367,-73.53351311279052
131328,23.8,-1.1,-559.6217826086958,-4971.20897826087,74.59141640094175,-252.42797042888708,263.21808383077666,-73.53780890509593
131328,23.85,-0.98,-559.5717826086957,-4971.088978260869,74.59254932068932,-252.41432455172026,263.20531843612247,-73.5367306077727
131328,23.78,-1.05,-559.6417826086957,-4971.15897826087,74.58860591865921,-252.43073582831272,263.21993944933666,-73.5385661747237
131328,23.94,-1.03,-559.4817826086957,-4971.138978260869,74.60098700099019,-252.39707141244574,263.1911642116831,-73.53390462512596
131328,23.96,-1.02,-559.4617826086957,-4971.12897826087,74.60235422956855,-252.39265726723985,263.1873186515878,-73.53334680564647
131328,23.86,-0.95,-559.5617826086957,-4971.0589782608695,74.59263157926841,-252.41143050170888,263.20256635116516,-73.5365348937276
131328,24.04,-0.98,-559.3817826086957,-4971.088978260869,74.60782314388192,-252.37500068641626,263.17193666068835,-73.53111536470912
131328,24.0,-1.03,-559.4217826086957,-4971.138978260869,74.60581031357732,-252.38465334971818,263.18062272705964,-73.53213133580512
131328,24.0,-0.95,-559.4217826086957,-4971.0589782608695,74.60388597530508,-252.3824550220112,263.17796907331325,-73.5323974227561
131328,23.9,-1.11,-559.5217826086957,-4971.218978260869,74.59969579753766,-252.40754844863778,263.2008456045242,-73.53482064547107
131328,23.9,-1.05,-559.5217826086957,-4971.15897826087,74.5982525438335,-252.40589970285754,263.19885540671055,-73.53502021518332
131328,24.02,-0.99,-559.4017826086957,-4971.098978260869,74.60645591530357,-252.37941483162217,263.1757821209888,-73.5316732493976
131328,23.85,-1.13,-559.5717826086957,-4971.23897826087,74.59615745494979,-252.41844641617087,263.21029386822426,-73.53623166907009
131328,23.9,-0.94,-559.5217826086957,-4971.048978260869,74.59560657870912,-252.40287700226042,263.19520671901256,-73.53538610082795
131328,23.9,-1.09,-559.5217826086957,-4971.19897826087,74.5992147129696,-252.40699886671104,263.20018220489817,-73.53488716837315
131328,23.88,-0.8,-559.5417826086957,-4970.90897826087,74.59063121587036,-252.40316928301576,263.1940769266905,-73.536442828366
131328,23.76,-1.14,-559.6617826086957,-4971.24897826087,74.58916302835313,-252.4373483012256,263.22643875307153,-73.53885774037292
131328,24.03,-1.05,-559.3917826086957,-4971.15897826087,74.60870305443896,-252.37899390028113,263.17601549834205,-73.53117811787698
131328,23.98,-1.07,-559.4417826086957,-4971.178978260869,74.60516471185106,-252.38989186781416,263.18546334995284,-73.53258940536202
131328,23.98,-0.99,-559.4417826086957,-4971.098978260869,74.60324037357881,-252.3876935401072,263.18280970597806,-73.53285549203763
131328,23.9,-1.08,-559.5217826086957,-4971.18897826087,74.59897417068558,-252.40672407574766,263.19985050521825,-73.53492042994993
131328,23.9,-1.07,-559.5217826086957,-4971.178978260869,74.59873362840153,-252.4064492847843,263.19951880562695,-73.53495369161057
131328,23.98,-0.93,-559.4417826086957,-4971.03897826087,74.60179711987465,-252.38604479432698,263.18081947672204,-73.5330550605657
131328,24.02,-1.09,-559.4017826086957,-4971.19897826087,74.60886133814387,-252.38216274125585,263.17909920836826,-73.53134064791082
131328,23.86,-1.09,-559.5617826086957,-4971.19897826087,74.59599917124484,-252.41527757519606,263.2072100944798,-73.5360692156022
131328,23.84,-0.95,-559.5817826086957,-4971.0589782608695,74.59102380840605,-252.4155698559514,263.20608036003057,-73.53712589788077
131328,23.93,-0.99,-559.4917826086958,-4971.098978260869,74.59922094642286,-252.39804192571353,263.19159434478047,-73.53433320655313
131328,23.92,-0.93,-559.5017826086957,-4971.03897826087,74.5969738072875,-252.3984628570546,263.1913610926641,-73.5348283115627
131328,24.0,-1.01,-559.4217826086957,-4971.11897826087,74.60532922900927,-252.38410376779143,263.1799593130909,-73.53219785703982
131328,23.91,-1.1,-559.5117826086957,-4971.20897826087,74.60025914068484,-252.40520398055315,263.19875695056385,-73.53455838535997
131328,23.86,-1.09,-559.5617826086957,-4971.19897826087,74.59599917124484,-252.41527757519606,263.2072100944798,-73.5360692156022
131328,24.05,-1.05,-559.3717826086958,-4971.15897826087,74.61031082530133,-252.37485454603862,263.1725017713329,-73.53058696679321
131328,23.94,-1.03,-559.4817826086957,-4971.138978260869,74.60098700099019,-252.39707141244574,263.1911642116831,-73.53390462512596
131328,23.88,-1.09,-559.5417826086957,-4971.19897826087,74.59760694210723,-252.41113822095355,263.20369613568585,-73.53547819987823
131328,23.91,-1.07,-559.5117826086957,-4971.178978260869,74.59953751383273,-252.40437960766303,263.19776184915975,-73.53465816963914
131328,24.01,-1.05,-559.4117826086957,-4971.15897826087,74.60709528357657,-252.38313325452367,263.179529253366,-73.53176925317568
131328,23.92,-1.1,-559.5017826086957,-4971.20897826087,74.60106302611604,-252.4031343034319,263.19700000346285,-73.5342628598943
131328,24.03,-0.97,-559.3917826086957,-4971.07897826087,74.6067787161667,-252.37679557257414,263.17336182426203,-73.5314441998746
131328,23.92,-1.13,-559.5017826086957,-4971.23897826087,74.60178465296812,-252.40395867632202,263.1979951080295,-73.53416307682089
131328,23.99,-1.24,-559.4317826086957,-4971.348978260869,74.61005781611078,-252.39249363707026,263.18934547519575,-73.53172843801308
131328,23.9,-1.07,-559.5217826086957,-4971.178978260869,74.59873362840153,-252.4064492847843,263.19951880562695,-73.53495369161057
131328,23.89,-1.12,-559.5317826086957,-4971.22897826087,74.5991324543905,-252.4098929167224,263.202934263999,-73.53508290141983
131328,24.03,-1.06,-559.3917826086957,-4971.16897826087,74.60894359672301,-252.3792686912445,263.1763472080012,-73.53114485800457
131328,23.88,-1.07,-559.5417826086957,-4971.178978260869,74.59712585753917,-252.4105886390268,263.20303273956694,-73.5355447237172
131328,23.91,-1.01,-559.5117826086957,-4971.11897826087,74.59809426012856,-252.4027308618828,263.1957716487464,-73.53485774046108
131328,23.96,-1.07,-559.4617826086957,-4971.178978260869,74.60355694098868,-252.3940312220567,263.18897717185627,-73.53318050059846
131328,23.8,-1.11,-559.6217826086958,-4971.218978260869,74.59165694322577,-252.4282452198504,263.2184155227533,-73.53777564218328
131328,23.97,-1.01,-559.4517826086957,-4971.11897826087,74.60291757271571,-252.3903127991552,263.1852300286185,-73.5330845203596
131328,23.94,-1.12,-559.4817826086957,-4971.22897826087,74.60315188154645,-252.39954453111608,263.1941495363754,-73.53360527559524
131328,23.88,-0.99,-559.5417826086957,-4971.098978260869,74.59520151926691,-252.40839031131983,263.2003791586395,-73.53581082242654
131328,23.8,-1.09,-559.6217826086958,-4971.19897826087,74.5911758586577,-252.42769563792365,263.21775213888867,-73.53784216809242
131328,23.94,-1.08,-559.4817826086957,-4971.18897826087,74.60218971241035,-252.3984453672626,263.19282272451414,-73.53373831899273
131328,23.91,-0.97,-559.5117826086957,-4971.07897826087,74.59713209099243,-252.4016316980293,263.19444485024485,-73.53499078935246
131328,23.92,-0.93,-559.5017826086957,-4971.03897826087,74.5969738072875,-252.3984628570546,263.1913610926641,-73.5348283115627
131328,23.78,-1.21,-559.6417826086957,-4971.31897826087,74.5924545952037,-252.43513248372668,263.22524649929414,-73.53803396666463
131328,23.82,-1.13,-559.6017826086957,-4971.23897826087,74.59374579865622,-252.42465544753463,263.215564870471,-73.53711814942835
131328,23.9,-1.15,-559.5217826086957,-4971.258978260869,74.6006579666738,-252.40864761249128,263.2021724048406,-73.53468760067295
131328,23.9,-1.13,-559.5217826086957,-4971.23897826087,74.60017688210573,-252.40809803056453,263.201509004505,-73.53475412290435
131328,23.94,-1.04,-559.4817826086957,-4971.14897826087,74.6012275432742,-252.39734620340909,263.1914959140719,-73.53387136373163
131328,23.96,-1.11,-559.4617826086957,-4971.218978260869,74.60451911012481,-252.3951303859102,263.1903039896675,-73.53304745806915
131328,23.89,-0.95,-559.5317826086957,-4971.0589782608695,74.59504323556199,-252.40522147034508,263.1972953903769,-73.5356483579081
131328,23.92,-1.19,-559.5017826086957,-4971.298978260869,74.60322790667229,-252.4056074221022,263.19998531955747,-73.53396351293765
131328,23.84,-1.05,-559.5817826086957,-4971.15897826087,74.59342923124635,-252.41831776558513,263.2093973020053,-73.5367932659646
131328,23.85,-1.15,-559.5717826086957,-4971.258978260869,74.59663853951784,-252.41899599809759,263.2109572606792,-73.53616514533492
131328,23.93,-1.09,-559.4917826086958,-4971.19897826087,74.60162636926317,-252.40078983534724,263.19491136123105,-73.53400059152482
131328,24.0,-1.07,-559.4217826086957,-4971.178978260869,74.60677248271344,-252.38575251357162,263.1819495560613,-73.53199829434185
131328,24.02,-1.02,-559.4017826086957,-4971.12897826087,74.60717754215568,-252.3802392045123,263.17677724627146,-73.53157346807122
131328,23.92,-1.07,-559.5017826086957,-4971.178978260869,74.60034139926393,-252.40230993054178,263.19600489969446,-73.53436264372223
131328,23.9,-1.11,-559.5217826086957,-4971.218978260869,74.59969579753766,-252.40754844863778,263.2008456045242,-73.53482064547107
131328,23.88,-1.09,-559.5417826086957,-4971.19897826087,74.59760694210723,-252.41113822095355,263.20369613568585,-73.53547819987823
131328,23.8,-1.23,-559.6217826086958,-4971.338978260869,74.59454345063413,-252.43154271141088,263.22239583339297,-73.53737649377014
131328,23.94,-1.15,-559.4817826086957,-4971.258978260869,74.60387350839855,-252.4003689040062,263.19514464620266,-73.53350549392741
131328,23.86,-1.13,-559.5617826086957,-4971.23897826087,74.59696134038097,-252.4163767390496,263.2085368814775,-73.5359361677273
131328,23.88,-1.17,-559.5417826086957,-4971.27897826087,74.59953128037947,-252.41333654866054,263.20634972370954,-73.53521210787574
131328,23.86,-1.14,-559.5617826086957,-4971.24897826087,74.59720188266502,-252.41665153001298,263.20886857844874,-73.53590290596816
131328,23.89,-1.09,-559.5317826086957,-4971.19897826087,74.59841082753842,-252.4090685438323,263.20193916679113,-73.53518268609835
131328,23.9,-1.13,-559.5217826086957,-4971.23897826087,74.60017688210573,-252.40809803056453,263.201509004505,-73.53475412290435
131328,23.9,-1.15,-559.5217826086957,-4971.258978260869,74.6006579666738,-252.40864761249128,263.2021724048406,-73.53468760067295
131328,23.89,-1.14,-559.5317826086957,-4971.24897826087,74.5996135389586,-252.4104424986492,263.2035976625811,-73.53501637871997
131328,23.9,-1.21,-559.5217826086957,-4971.31897826087,74.60210122037799,-252.41029635827152,263.2041626079762,-73.5344880359908
131328,23.9,-1.09,-559.5217826086957,-4971.19897826087,74.5992147129696,-252.40699886671104,263.20018220489817,-73.53488716837315
131328,23.94,-1.09,-559.4817826086957,-4971.19897826087,74.60243025469437,-252.39872015822596,263.19315442734637,-73.5337050580176
131328,23.98,-1.07,-559.4417826086957,-4971.178978260869,74.60516471185106,-252.38989186781416,263.18546334995284,-73.53258940536202
131328,23.86,-1.05,-559.5617826086957,-4971.15897826087,74.59503700210874,-252.41417841134262,263.2058833089015,-73.53620226481844
131328,23.86,-1.15,-559.5617826086957,-4971.258978260869,74.59744242494904,-252.4169263209763,263.2092002755085,-73.53586964429286
131328,23.92,-1.19,-559.5017826086957,-4971.298978260869,74.60322790667229,-252.4056074221022,263.19998531955747,-73.53396351293765
131328,23.9,-1.23,-559.5217826086957,-4971.338978260869,74.60258230494603,-252.41084594019827,263.204826009731,-73.53442151510076
131328,23.84,-1.22,-559.5817826086957,-4971.32897826087,74.59751845007489,-252.42298921196246,263.21503612372106,-73.5362278109471
131328,23.92,-1.12,-559.5017826086957,-4971.22897826087,74.60154411068407,-252.40368388535865,263.19766340641854,-73.53419633776153
131328,23.97,-1.08,-559.4517826086957,-4971.18897826087,74.60460136870392,-252.39223633589882,263.187551962511,-73.53285169434554
131328,23.91,-1.06,-559.5117826086957,-4971.16897826087,74.59929697154872,-252.40410481669966,263.1974301488691,-73.5346914312332
131328,23.96,-1.04,-559.4617826086957,-4971.14897826087,74.60283531413658,-252.39320684916657,263.1879820594291,-73.53328028337576
131328,23.9,-1.17,-559.5217826086957,-4971.27897826087,74.60113905124186,-252.40919719441803,263.20283580553104,-73.53462107877691
131328,23.9,-1.11,-559.5217826086957,-4971.218978260869,74.59969579753766,-252.40754844863778,263.2008456045242,-73.53482064547107
131328,23.81,-1.15,-559.6117826086958,-4971.258978260869,74.59342299779308,-252.42727470658264,263.217985271372,-73.53734711005343
131328,24.02,-1.06,-559.4017826086957,-4971.16897826087,74.60813971129181,-252.3813383683658,263.17810408122324,-73.53144042747651
131328,23.83,-1.19,-559.5917826086957,-4971.298978260869,74.59599293779158,-252.42423451619356,263.2157980316936,-73.53662308791687
131328,23.86,-1.1,-559.5617826086957,-4971.20897826087,74.59623971352889,-252.4155523661595,263.2075417910962,-73.5360359535077
131328,23.88,-1.07,-559.5417826086957,-4971.178978260869,74.59712585753917,-252.4105886390268,263.20303273956694,-73.5355447237172
131328,23.93,-1.19,-559.4917826086958,-4971.298978260869,74.60403179210347,-252.40353774498095,263.19822838655125,-73.53366798488025
131328,23.9,-1.07,-559.5217826086957,-4971.178978260869,74.59873362840153,-252.4064492847843,263.19951880562695,-73.53495369161057
131328,23.9,-1.11,-559.5217826086957,-4971.218978260869,74.59969579753766,-252.40754844863778,263.2008456045242,-73.53482064547107
131328,23.86,-1.15,-559.5617826086957,-4971.258978260869,74.59744242494904,-252.4169263209763,263.2092002755085,-73.53586964429286
131328,23.86,-1.16,-559.5617826086957,-4971.2689782608695,74.59768296723308,-252.41720111193968,263.20953197265715,-73.53583638270138
131328,23.93,-1.04,-559.4917826086958,-4971.14897826087,74.60042365784301,-252.39941588053037,263.193252851897,-73.534166897991
131328,23.83,-1.15,-559.5917826086957,-4971.258978260869,74.59503076865546,-252.42313535234013,263.2144712520238,-73.536756135584
131328,23.93,-1.06,-559.4917826086958,-4971.16897826087,74.6009047424111,-252.39996546245715,263.19391625536457,-73.534100375153
131328,23.93,-1.09,-559.4917826086958,-4971.19897826087,74.60162636926317,-252.40078983534724,263.19491136123105,-73.53400059152482
131328,23.96,-1.02,-559.4617826086957,-4971.12897826087,74.60235422956855,-252.39265726723985,263.1873186515878,-73.53334680564647
131328,23.82,-1.23,-559.6017826086957,-4971.338978260869,74.59615122149651,-252.42740335716837,263.21888181265217,-73.53678552959549
131328,23.9,-1.07,-559.5217826086957,-4971.178978260869,74.59873362840153,-252.4064492847843,263.19951880562695,-73.53495369161057
131328,23.92,-1.2,-559.5017826086957,-4971.3089782608695,74.6034684489563,-252.40588221306564,263.2003170217893,-73.53393025258386
131328,23.9,-1.23,-559.5217826086957,-4971.338978260869,74.60258230494603,-252.41084594019827,263.204826009731,-73.53442151510076
131328,24.03,-1.07,-559.3917826086957,-4971.178978260869,74.609184139007,-252.37954348220785,263.1766789177489,-73.531111598216
131328,23.87,-1.26,-559.5517826086957,-4971.36897826087,74.60089227550458,-252.41787934445216,263.211091979521,-73.53520826806431
131328,23.9,-1.13,-559.5217826086957,-4971.23897826087,74.60017688210573,-252.40809803056453,263.201509004505,-73.53475412290435
131328,23.95,-1.09,-559.4717826086957,-4971.19897826087,74.60323414012555,-252.3966504811047,263.1913975004641,-73.53340952056473
131328,23.92,-1.06,-559.5017826086957,-4971.16897826087,74.6001008569799,-252.4020351395784,263.19567319861574,-73.53439590516588
131328,23.88,-1.09,-559.5417826086957,-4971.19897826087,74.59760694210723,-252.41113822095355,263.20369613568585,-73.53547819987823
131328,23.9,-1.2,-559.5217826086957,-4971.3089782608695,74.60186067809394,-252.41002156730815,263.20383090723186,-73.53452129656158
131328,23.94,-1.24,-559.4817826086957,-4971.348978260869,74.60603838895484,-252.40284202267657,263.1981299804739,-73.53320615345102
131328,23.87,-1.15,-559.5517826086957,-4971.258978260869,74.59824631038022,-252.41485664385505,263.20744329733924,-73.53557413930568
131328,23.94,-1.15,-559.4817826086957,-4971.258978260869,74.60387350839855,-252.4003689040062,263.19514464620266,-73.53350549392741
131328,23.87,-1.07,-559.5517826086957,-4971.178978260869,74.59632197210797,-252.41265831614805,263.2047897170393,-73.53584023385254
131328,23.82,-1.17,-559.6017826086957,-4971.27897826087,74.59470796779235,-252.42575461138813,263.21689164627895,-73.53698510048925
131328,23.9,-1.1,-559.5217826086957,-4971.20897826087,74.59945525525364,-252.4072736576744,263.2005139046668,-73.53485390688019
131328,23.87,-1.1,-559.5517826086957,-4971.20897826087,74.59704359896008,-252.4134826890382,263.20578480898655,-73.53574044776872
131328,23.89,-1.05,-559.5317826086957,-4971.15897826087,74.5974486584023,-252.40796937997882,263.2006123717559,-73.53531573351012
131328,23.86,-1.2,-559.5617826086957,-4971.3089782608695,74.59864513636919,-252.41830027579317,263.2108587621385,-73.53570333717381
131328,23.78,-1.21,-559.6417826086957,-4971.31897826087,74.5924545952037,-252.43513248372668,263.22524649929414,-73.53803396666463
131328,24.06,-1.07,-559.3617826086958,-4971.178978260869,74.61159579530056,-252.37333445084406,263.17140834246965,-73.53022486657395
131328,23.98,-1.14,-559.4417826086957,-4971.24897826087,74.6068485078393,-252.3918154045578,263.187785293087,-73.53235658392244
131328,24.02,-1.05,-559.4017826086957,-4971.15897826087,74.60789916900777,-252.38106357740241,263.17777237235225,-73.53147368749943
131328,24.02,-1.06,-559.4017826086957,-4971.16897826087,74.60813971129181,-252.3813383683658,263.17810408122324,-73.53144042747651
131328,23.89,-1.13,-559.5317826086957,-4971.23897826087,74.59937299667455,-252.41016770768582,263.2032659632457,-73.53504964002799
131328,23.9,-0.99,-559.5217826086957,-4971.098978260869,74.5968092901293,-252.4042509570773,263.1968652120902,-73.53521978791372
131328,23.94,-1.15,-559.4817826086957,-4971.258978260869,74.60387350839855,-252.4003689040062,263.19514464620266,-73.53350549392741
131328,23.9,-1.01,-559.5217826086957,-4971.11897826087,74.59729037469737,-252.40480053900404,263.1975286099422,-73.5351532633349
131328,23.96,-1.11,-559.4617826086957,-4971.218978260869,74.60451911012481,-252.3951303859102,263.1903039896675,-73.53304745806915
131328,23.87,-1.04,-559.5517826086957,-4971.14897826087,74.59560034525587,-252.41183394325793,263.2037946258905,-73.53594002069089
131328,23.93,-1.16,-559.4917826086958,-4971.2689782608695,74.6033101652514,-252.40271337209086,263.19723327802393,-73.53376776599335
131328,23.94,-1.0,-559.4817826086957,-4971.10897826087,74.6002653741381,-252.39624703955562,263.1901691050489,-73.53400440981196
131328,23.86,-1.03,-559.5617826086957,-4971.138978260869,74.59455591754067,-252.41362882941587,263.2052199166445,-73.53626878992958
131328,23.86,-1.13,-559.5617826086957,-4971.23897826087,74.59696134038097,-252.4163767390496,263.2085368814775,-73.5359361677273
131328,23.87,-1.18,-559.5517826086957,-4971.28897826087,74.59896793723233,-252.41568101674517,263.2084383914153,-73.53547435523387
131328,23.89,-1.11,-559.5317826086957,-4971.218978260869,74.59889191210648,-252.40961812575904,263.202602564841,-73.5351161628955
131328,23.98,-1.16,-559.4417826086957,-4971.2689782608695,74.60732959240735,-252.39236498648452,263.1884487062092,-73.53229006426568
131328,24.02,-1.07,-559.4017826086957,-4971.178978260869,74.6083802535758,-252.3816131593291,263.17843579018285,-73.53140716753745
131328,23.94,-1.05,-559.4817826086957,-4971.15897826087,74.60146808555825,-252.3976209943725,263.19182761654946,-73.53383810242116
131328,23.9,-1.21,-559.5217826086957,-4971.31897826087,74.60210122037799,-252.41029635827152,263.2041626079762,-73.5344880359908
131328,23.87,-1.09,-559.5517826086957,-4971.19897826087,74.59680305667604,-252.4132078980748,263.20545311158213,-73.53577370971281
131328,23.97,-1.22,-559.4517826086957,-4971.32897826087,74.60796896068035,-252.39608340938602,263.1921958433334,-73.53238605464165
131328,24.07,-1.07,-559.3517826086957,-4971.178978260869,74.61239968073177,-252.37126477372277,263.1696514980512,-73.52992928146713
131328,24.0,-1.09,-559.4217826086957,-4971.19897826087,74.6072535672815,-252.38630209549837,263.1826129710943,-73.53193177411325
131328,23.88,-1.23,-559.5417826086957,-4971.338978260869,74.60097453408366,-252.41498529444078,263.20833991845274,-73.53501254239488
131328,23.88,-1.19,-559.5417826086957,-4971.298978260869,74.60001236494753,-252.41388613058726,263.2070131216024,-73.53514558571345
131328,23.94,-1.15,-559.4817826086957,-4971.258978260869,74.60387350839855,-252.4003689040062,263.19514464620266,-73.53350549392741
131328,23.94,-1.09,-559.4817826086957,-4971.19897826087,74.60243025469437,-252.39872015822596,263.19315442734637,-73.5337050580176
131328,23.87,-1.03,-559.5517826086957,-4971.138978260869,74.59535980297186,-252.4115591522946,263.2034629290184,-73.535973283138
131328,23.91,-1.16,-559.5117826086957,-4971.2689782608695,74.60170239438902,-252.4068527263334,263.2007471557669,-73.53435881906522
131328,24.0,-1.17,-559.4217826086957,-4971.27897826087,74.60917790555375,-252.38850042320536,263.18526663477365,-73.53166569655242
131328,23.82,-1.13,-559.6017826086957,-4971.23897826087,74.59374579865622,-252.42465544753463,263.215564870471,-73.53711814942835
131328,23.72,-1.24,-559.7017826086957,-4971.348978260869,74.58835290946868,-252.44837491934436,263.23678388319,-73.53970692966261
131328,23.94,-1.11,-559.4817826086957,-4971.218978260869,74.60291133926243,-252.3992697401527,263.193817833277,-73.53363853631886
131328,23.83,-1.11,-559.5917826086957,-4971.218978260869,74.59406859951935,-252.42203618848663,263.2131444737733,-73.53688918459243
131328,23.9,-1.12,-559.5217826086957,-4971.22897826087,74.59993633982168,-252.40782323960116,263.20117730447026,-73.5347873841458
131328,23.88,-1.07,-559.5417826086957,-4971.178978260869,74.59712585753917,-252.4105886390268,263.20303273956694,-73.5355447237172
131328,23.9,-1.09,-559.5217826086957,-4971.19897826087,74.5992147129696,-252.40699886671104,263.20018220489817,-73.53488716837315
131328,24.06,-1.17,-559.3617826086958,-4971.27897826087,74.61400121814088,-252.3760823604778,263.17472546846784,-73.52989227781528
131328,23.92,-1.2,-559.5017826086957,-4971.3089782608695,74.6034684489563,-252.40588221306564,263.2003170217893,-73.53393025258386
131328,23.8,-1.17,-559.6217826086958,-4971.27897826087,74.59310019692995,-252.42989396563064,263.22040567647633,-73.53757606646776
131328,23.9,-1.14,-559.5217826086957,-4971.24897826087,74.60041742438978,-252.4083728215279,263.20184070462847,-73.53472086174673
131328,23.9,-1.08,-559.5217826086957,-4971.18897826087,74.59897417068558,-252.40672407574766,263.19985050521825,-73.53492042994993
131328,23.88,-1.2,-559.5417826086957,-4971.3089782608695,74.60025290723155,-252.41416092155066,263.20734482068195,-73.53511232475807
131328,23.92,-1.14,-559.5017826086957,-4971.24897826087,74.60202519525217,-252.4042334672854,263.19832680972905,-73.53412981596409
131328,23.88,-1.11,-559.5417826086957,-4971.218978260869,74.5980880266753,-252.4116878028803,263.2043595321596,-73.5354116763746
131328,23.79,-1.21,-559.6317826086957,-4971.31897826087,74.59325848063489,-252.43306280660542,263.2234894698465,-73.5377384941383
131328,23.9,-1.3,-559.5217826086957,-4971.40897826087,74.60426610093427,-252.4127694769419,263.2071479186665,-73.53418869462627
131328,23.94,-1.23,-559.4817826086957,-4971.338978260869,74.6057978466708,-252.4025672317132,263.19779827631123,-73.53323941316862
131328,24.0,-1.09,-559.4217826086957,-4971.19897826087,74.6072535672815,-252.38630209549837,263.1826129710943,-73.53193177411325
131328,23.92,-1.22,-559.5017826086957,-4971.32897826087,74.6039495335244,-252.4064317949924,263.2009804265189,-73.53386373212778
131328,23.89,-1.14,-559.5317826086957,-4971.24897826087,74.5996135389586,-252.4104424986492,263.2035976625811,-73.53501637871997
131328,24.07,-1.15,-559.3517826086957,-4971.258978260869,74.61432401900402,-252.37346310142976,263.1723052044452,-73.52966321099382
131328,23.8,-1.22,-559.6217826086958,-4971.32897826087,74.59430290835012,-252.4312679204475,263.22206414035173,-73.53740975567683
131328,23.92,-1.13,-559.5017826086957,-4971.23897826087,74.60178465296812,-252.40395867632202,263.1979951080295,-73.53416307682089
131328,23.92,-1.07,-559.5017826086957,-4971.178978260869,74.60034139926393,-252.40230993054178,263.19600489969446,-73.53436264372223
131328,23.92,-1.11,-559.5017826086957,-4971.218978260869,74.60130356840006,-252.40340909439527,263.1973317048963,-73.534229598786
131328,23.86,-1.09,-559.5617826086957,-4971.19897826087,74.59599917124484,-252.41527757519606,263.2072100944798,-73.5360692156022
131328,23.86,-1.25,-559.5617826086957,-4971.35897826087,74.59984784778933,-252.41967423061004,263.212517250986,-73.53553703215056
131328,23.94,-1.19,-559.4817826086957,-4971.298978260869,74.60483567753467,-252.40146806785967,263.1964714605474,-73.53337245287733
131328,23.85,-1.24,-559.5717826086957,-4971.348978260869,74.59880342007413,-252.42146911676795,263.21394253111725,-73.53586579267635
131328,23.88,-1.11,-559.5417826086957,-4971.218978260869,74.5980880266753,-252.4116878028803,263.2043595321596,-73.5354116763746
131328,23.96,-1.15,-559.4617826086957,-4971.258978260869,74.60548127926093,-252.3962295497637,263.1916308088978,-73.53291441688124
131328,23.93,-1.13,-559.4917826086958,-4971.23897826087,74.6025885383993,-252.40188899920076,263.19623817029486,-73.53386754786095
131328,23.88,-1.24,-559.5417826086957,-4971.348978260869,74.60121507636771,-252.41526008540416,263.20867161788703,-73.53497928177481
131328,23.86,-1.19,-559.5617826086957,-4971.298978260869,74.59840459408514,-252.4180254848298,263.2105270646351,-73.53573659842995
131328,23.89,-1.12,-559.5317826086957,-4971.22897826087,74.5991324543905,-252.4098929167224,263.202934263999,-73.53508290141983
131328,24.06,-1.22,-559.3617826086958,-4971.32897826087,74.61520392956103,-252.37745631529467,263.17638403479225,-73.52972598657998
131328,24.01,-1.23,-559.4117826086957,-4971.338978260869,74.61142504468913,-252.38807949186435,263.1855000124264,-73.53117058288173
